Idx,Code,Instruction,OP0,OP1,OP2,LOCK,SET -REX,SEGMENT,MEM_XCHG,p0156,p06,p23,p237,p4,p1,p15,p015,p5,p0,p05,p01,p6,Min. Latency,Max. Latency,Count
0,ADC_AL_IMMb+I8,ADC,AL,I8,,0,0,0,0,1,1,0,0,0,0,0,0,0,0,0,0,0,1,2,0
1,ADC_GPR8_GPR8_10+R8+R8,ADC_NOREX_10,R8,R8,,0,0,0,0,0,1,0,0,0,0,0,0,0,0,0,0,0,1,1,0
2,ADC_GPR8_GPR8_10+R8+R8,ADC_REX_10,R8,R8,,0,0,0,0,0,1,0,0,0,0,0,0,0,0,0,0,0,1,1,0
3,ADC_GPR8_GPR8_12+R8+R8,ADC_NOREX_12,R8,R8,,0,0,0,0,0,1,0,0,0,0,0,0,0,0,0,0,0,1,1,0
4,ADC_GPR8_GPR8_12+R8+R8,ADC_REX_12,R8,R8,,0,0,0,0,0,1,0,0,0,0,0,0,0,0,0,0,0,1,1,0
5,ADC_GPR8_IMMb_80r2+R8+I8,ADC_NOREX,R8,I8,,0,0,0,0,0,1,0,0,0,0,0,0,0,0,0,0,0,1,1,0
6,ADC_GPR8_IMMb_80r2+R8+I8,ADC_REX,R8,I8,,0,0,0,0,0,1,0,0,0,0,0,0,0,0,0,0,0,1,1,0
7,ADC_GPR8_MEMb+R8+M8,ADC_NOREX,R8,M8,,0,0,0,0,0,1,1,0,0,0,0,0,0,0,0,0,0,1,6,0
8,ADC_GPR8_MEMb+R8+M8,ADC_REX,R8,M8,,0,0,0,0,0,1,1,0,0,0,0,0,0,0,0,0,0,1,6,0
9,ADC_GPRv_GPRv_11+R16+R16,ADC_11,R16,R16,,0,0,0,0,0,1,0,0,0,0,0,0,0,0,0,0,0,1,1,0
10,ADC_GPRv_GPRv_11+R32+R32,ADC_11,R32,R32,,0,0,0,0,0,1,0,0,0,0,0,0,0,0,0,0,0,1,1,0
11,ADC_GPRv_GPRv_11+R64+R64,ADC_11,R64,R64,,0,0,0,0,0,1,0,0,0,0,0,0,0,0,0,0,0,1,1,219628
12,ADC_GPRv_GPRv_13+R16+R16,ADC_13,R16,R16,,0,0,0,0,0,1,0,0,0,0,0,0,0,0,0,0,0,1,1,0
13,ADC_GPRv_GPRv_13+R32+R32,ADC_13,R32,R32,,0,0,0,0,0,1,0,0,0,0,0,0,0,0,0,0,0,1,1,0
14,ADC_GPRv_GPRv_13+R64+R64,ADC_13,R64,R64,,0,0,0,0,0,1,0,0,0,0,0,0,0,0,0,0,0,1,1,0
15,ADC_GPRv_IMMb+R16+I8,ADC,R16,I8,,0,0,0,0,0,1,0,0,0,0,0,0,0,0,0,0,0,1,1,0
16,ADC_GPRv_IMMb+R32+I8,ADC,R32,I8,,0,0,0,0,0,1,0,0,0,0,0,0,0,0,0,0,0,1,1,344195340
17,ADC_GPRv_IMMb+R64+I8,ADC,R64,I8,,0,0,0,0,0,1,0,0,0,0,0,0,0,0,0,0,0,1,1,917033324
18,ADC_GPRv_IMMz+R16+I16,ADC,R16,I16,,0,0,0,0,0,1,0,0,0,0,0,0,0,0,0,0,0,1,1,0
19,ADC_GPRv_IMMz+R32+I32,ADC,R32,I32,,0,0,0,0,0,1,0,0,0,0,0,0,0,0,0,0,0,1,1,0
20,ADC_GPRv_IMMz+R64+I32,ADC,R64,I32,,0,0,0,0,0,1,0,0,0,0,0,0,0,0,0,0,0,1,1,0
21,ADC_GPRv_MEMv+R16+M16,ADC,R16,M16,,0,0,0,0,0,1,1,0,0,0,0,0,0,0,0,0,0,1,6,0
22,ADC_GPRv_MEMv+R32+M32,ADC,R32,M32,,0,0,0,0,0,1,1,0,0,0,0,0,0,0,0,0,0,1,6,0
23,ADC_GPRv_MEMv+R64+M64,ADC,R64,M64,,0,0,0,0,0,1,1,0,0,0,0,0,0,0,0,0,0,1,6,0
24,ADC_LOCK_MEMb_GPR8+M8+R8,ADC_LOCK_NOREX,M8,R8,,1,0,0,0,5,3,2,0,1,0,0,0,0,0,0,0,0,13,30,0
25,ADC_LOCK_MEMb_GPR8+M8+R8,ADC_LOCK_REX,M8,R8,,1,0,0,0,5,3,2,0,1,0,0,0,0,0,0,0,0,13,30,0
26,ADC_LOCK_MEMb_IMMb_80r2+M8+I8,ADC_LOCK,M8,I8,,1,0,0,0,5,2,2,0,1,0,0,0,0,0,0,0,0,13,30,0
27,ADC_LOCK_MEMv_GPRv+M16+R16,ADC_LOCK,M16,R16,,1,0,0,0,5,3,2,0,1,0,0,0,0,0,0,0,0,13,30,0
28,ADC_LOCK_MEMv_GPRv+M32+R32,ADC_LOCK,M32,R32,,1,0,0,0,5,3,2,0,1,0,0,0,0,0,0,0,0,13,29,0
29,ADC_LOCK_MEMv_GPRv+M64+R64,ADC_LOCK,M64,R64,,1,0,0,0,5,3,2,0,1,0,0,0,0,0,0,0,0,13,29,0
30,ADC_LOCK_MEMv_IMMb+M16+I8,ADC_LOCK,M16,I8,,1,0,0,0,5,2,2,0,1,0,0,0,0,0,0,0,0,13,30,0
31,ADC_LOCK_MEMv_IMMb+M32+I8,ADC_LOCK,M32,I8,,1,0,0,0,5,2,2,0,1,0,0,0,0,0,0,0,0,13,29,0
32,ADC_LOCK_MEMv_IMMb+M64+I8,ADC_LOCK,M64,I8,,1,0,0,0,5,2,2,0,1,0,0,0,0,0,0,0,0,13,29,0
33,ADC_LOCK_MEMv_IMMz+M16+I16,ADC_LOCK,M16,I16,,1,0,0,0,5,2,2,0,1,0,0,0,0,0,0,0,0,13,30,0
34,ADC_LOCK_MEMv_IMMz+M32+I32,ADC_LOCK,M32,I32,,1,0,0,0,5,2,2,0,1,0,0,0,0,0,0,0,0,13,29,0
35,ADC_LOCK_MEMv_IMMz+M64+I32,ADC_LOCK,M64,I32,,1,0,0,0,5,2,2,0,1,0,0,0,0,0,0,0,0,13,29,0
36,ADC_MEMb_GPR8+M8+R8,ADC_NOREX,M8,R8,,0,0,0,0,1,2,1,1,1,0,0,0,0,0,0,0,0,1,11,0
37,ADC_MEMb_GPR8+M8+R8,ADC_REX,M8,R8,,0,0,0,0,1,2,1,1,1,0,0,0,0,0,0,0,0,1,12,0
38,ADC_MEMb_IMMb_80r2+M8+I8,ADC,M8,I8,,0,0,0,0,3,0,1,1,1,0,0,0,0,0,0,0,0,2,11,0
39,ADC_MEMv_GPRv+M16+R16,ADC,M16,R16,,0,0,0,0,1,2,1,1,1,0,0,0,0,0,0,0,0,1,10,0
40,ADC_MEMv_GPRv+M32+R32,ADC,M32,R32,,0,0,0,0,1,2,1,1,1,0,0,0,0,0,0,0,0,1,10,0
41,ADC_MEMv_GPRv+M64+R64,ADC,M64,R64,,0,0,0,0,1,2,1,1,1,0,0,0,0,0,0,0,0,1,10,0
42,ADC_MEMv_IMMb+M16+I8,ADC,M16,I8,,0,0,0,0,3,0,1,1,1,0,0,0,0,0,0,0,0,2,11,0
43,ADC_MEMv_IMMb+M32+I8,ADC,M32,I8,,0,0,0,0,3,0,1,1,1,0,0,0,0,0,0,0,0,2,10,618387
44,ADC_MEMv_IMMb+M64+I8,ADC,M64,I8,,0,0,0,0,3,0,1,1,1,0,0,0,0,0,0,0,0,2,10,0
45,ADC_MEMv_IMMz+M16+I16,ADC,M16,I16,,0,0,0,0,3,0,1,1,1,0,0,0,0,0,0,0,0,2,11,0
46,ADC_MEMv_IMMz+M32+I32,ADC,M32,I32,,0,0,0,0,3,0,1,1,1,0,0,0,0,0,0,0,0,2,10,0
47,ADC_MEMv_IMMz+M64+I32,ADC,M64,I32,,0,0,0,0,3,0,1,1,1,0,0,0,0,0,0,0,0,2,10,0
48,ADC_OrAX_IMMz+I16,ADC,AX,I16,,0,0,0,0,1,1,0,0,0,0,0,0,0,0,0,0,0,1,2,0
49,ADC_OrAX_IMMz+I32,ADC,EAX,I32,,0,0,0,0,1,1,0,0,0,0,0,0,0,0,0,0,0,1,2,0
50,ADC_OrAX_IMMz+I32,ADC,RAX,I32,,0,0,0,0,1,1,0,0,0,0,0,0,0,0,0,0,0,1,2,0
51,ADD_AL_IMMb+I8,ADD,AL,I8,,0,0,0,0,1,0,0,0,0,0,0,0,0,0,0,0,0,1,1,0
52,ADD_GPR8_GPR8_00+R8+R8,ADD_NOREX_00,R8,R8,,0,0,0,0,1,0,0,0,0,0,0,0,0,0,0,0,0,1,1,127309
53,ADD_GPR8_GPR8_00+R8+R8,ADD_REX_00,R8,R8,,0,0,0,0,1,0,0,0,0,0,0,0,0,0,0,0,0,1,1,127309
54,ADD_GPR8_GPR8_02+R8+R8,ADD_NOREX_02,R8,R8,,0,0,0,0,1,0,0,0,0,0,0,0,0,0,0,0,0,1,1,0
55,ADD_GPR8_GPR8_02+R8+R8,ADD_REX_02,R8,R8,,0,0,0,0,1,0,0,0,0,0,0,0,0,0,0,0,0,1,1,0
56,ADD_GPR8_IMMb_80r0+R8+I8,ADD_NOREX,R8,I8,,0,0,0,0,1,0,0,0,0,0,0,0,0,0,0,0,0,1,1,0
57,ADD_GPR8_IMMb_80r0+R8+I8,ADD_REX,R8,I8,,0,0,0,0,1,0,0,0,0,0,0,0,0,0,0,0,0,1,1,0
58,ADD_GPR8_MEMb+R8+M8,ADD_NOREX,R8,M8,,0,0,0,0,1,0,1,0,0,0,0,0,0,0,0,0,0,1,6,61321456
59,ADD_GPR8_MEMb+R8+M8,ADD_REX,R8,M8,,0,0,0,0,1,0,1,0,0,0,0,0,0,0,0,0,0,1,6,61321456
60,ADD_GPRv_GPRv_01+R16+R16,ADD_01,R16,R16,,0,0,0,0,1,0,0,0,0,0,0,0,0,0,0,0,0,1,1,0
61,ADD_GPRv_GPRv_01+R32+R32,ADD_01,R32,R32,,0,0,0,0,1,0,0,0,0,0,0,0,0,0,0,0,0,1,1,135411651078
62,ADD_GPRv_GPRv_01+R64+R64,ADD_01,R64,R64,,0,0,0,0,1,0,0,0,0,0,0,0,0,0,0,0,0,1,1,273315666877
63,ADD_GPRv_GPRv_03+R16+R16,ADD_03,R16,R16,,0,0,0,0,1,0,0,0,0,0,0,0,0,0,0,0,0,1,1,0
64,ADD_GPRv_GPRv_03+R32+R32,ADD_03,R32,R32,,0,0,0,0,1,0,0,0,0,0,0,0,0,0,0,0,0,1,1,0
65,ADD_GPRv_GPRv_03+R64+R64,ADD_03,R64,R64,,0,0,0,0,1,0,0,0,0,0,0,0,0,0,0,0,0,1,1,0
66,ADD_GPRv_IMMb+R16+I8,ADD,R16,I8,,0,0,0,0,1,0,0,0,0,0,0,0,0,0,0,0,0,1,1,209506977
67,ADD_GPRv_IMMb+R32+I8,ADD,R32,I8,,0,0,0,0,1,0,0,0,0,0,0,0,0,0,0,0,0,1,1,180071867322
68,ADD_GPRv_IMMb+R64+I8,ADD,R64,I8,,0,0,0,0,1,0,0,0,0,0,0,0,0,0,0,0,0,1,1,494132904902
69,ADD_GPRv_IMMz+R16+I16,ADD,R16,I16,,0,0,0,0,1,0,0,0,0,0,0,0,0,0,0,0,0,1,1,676935
70,ADD_GPRv_IMMz+R32+I32,ADD,R32,I32,,0,0,0,0,1,0,0,0,0,0,0,0,0,0,0,0,0,1,1,3628946262
71,ADD_GPRv_IMMz+R64+I32,ADD,R64,I32,,0,0,0,0,1,0,0,0,0,0,0,0,0,0,0,0,0,1,1,116913982830
72,ADD_GPRv_MEMv+R16+M16,ADD,R16,M16,,0,0,0,0,1,0,1,0,0,0,0,0,0,0,0,0,0,1,6,1320385
73,ADD_GPRv_MEMv+R32+M32,ADD,R32,M32,,0,0,0,0,1,0,1,0,0,0,0,0,0,0,0,0,0,1,6,32849715311
74,ADD_GPRv_MEMv+R64+M64,ADD,R64,M64,,0,0,0,0,1,0,1,0,0,0,0,0,0,0,0,0,0,1,6,75812380375
75,ADD_LOCK_MEMb_GPR8+M8+R8,ADD_LOCK_NOREX,M8,R8,,1,0,0,0,4,2,2,0,1,0,0,0,0,0,0,0,0,12,30,0
76,ADD_LOCK_MEMb_GPR8+M8+R8,ADD_LOCK_REX,M8,R8,,1,0,0,0,4,2,2,0,1,0,0,0,0,0,0,0,0,12,30,0
77,ADD_LOCK_MEMb_IMMb_80r0+M8+I8,ADD_LOCK,M8,I8,,1,0,0,0,4,2,2,0,1,0,0,0,0,0,0,0,0,15,30,0
78,ADD_LOCK_MEMv_GPRv+M16+R16,ADD_LOCK,M16,R16,,1,0,0,0,4,2,2,0,1,0,0,0,0,0,0,0,0,12,30,0
79,ADD_LOCK_MEMv_GPRv+M32+R32,ADD_LOCK,M32,R32,,1,0,0,0,4,2,2,0,1,0,0,0,0,0,0,0,0,12,29,0
80,ADD_LOCK_MEMv_GPRv+M64+R64,ADD_LOCK,M64,R64,,1,0,0,0,4,2,2,0,1,0,0,0,0,0,0,0,0,12,29,526
81,ADD_LOCK_MEMv_IMMb+M16+I8,ADD_LOCK,M16,I8,,1,0,0,0,4,2,2,0,1,0,0,0,0,0,0,0,0,15,30,0
82,ADD_LOCK_MEMv_IMMb+M32+I8,ADD_LOCK,M32,I8,,1,0,0,0,4,2,2,0,1,0,0,0,0,0,0,0,0,15,29,0
83,ADD_LOCK_MEMv_IMMb+M64+I8,ADD_LOCK,M64,I8,,1,0,0,0,4,2,2,0,1,0,0,0,0,0,0,0,0,15,29,0
84,ADD_LOCK_MEMv_IMMz+M16+I16,ADD_LOCK,M16,I16,,1,0,0,0,4,2,2,0,1,0,0,0,0,0,0,0,0,15,30,0
85,ADD_LOCK_MEMv_IMMz+M32+I32,ADD_LOCK,M32,I32,,1,0,0,0,4,2,2,0,1,0,0,0,0,0,0,0,0,15,32,0
86,ADD_LOCK_MEMv_IMMz+M64+I32,ADD_LOCK,M64,I32,,1,0,0,0,4,2,2,0,1,0,0,0,0,0,0,0,0,15,29,0
87,ADD_MEMb_GPR8+M8+R8,ADD_NOREX,M8,R8,,0,0,0,0,1,0,1,1,1,0,0,0,0,0,0,0,0,1,11,1599823
88,ADD_MEMb_GPR8+M8+R8,ADD_REX,M8,R8,,0,0,0,0,1,0,1,1,1,0,0,0,0,0,0,0,0,1,11,1599823
89,ADD_MEMb_IMMb_80r0+M8+I8,ADD,M8,I8,,0,0,0,0,1,0,1,1,1,0,0,0,0,0,0,0,0,3,11,43658352
90,ADD_MEMv_GPRv+M16+R16,ADD,M16,R16,,0,0,0,0,1,0,1,1,1,0,0,0,0,0,0,0,0,1,11,4827831556
91,ADD_MEMv_GPRv+M32+R32,ADD,M32,R32,,0,0,0,0,1,0,1,1,1,0,0,0,0,0,0,0,0,1,10,2929281847
92,ADD_MEMv_GPRv+M64+R64,ADD,M64,R64,,0,0,0,0,1,0,1,1,1,0,0,0,0,0,0,0,0,1,10,5934424094
93,ADD_MEMv_IMMb+M16+I8,ADD,M16,I8,,0,0,0,0,1,0,1,1,1,0,0,0,0,0,0,0,0,3,11,1752499753
94,ADD_MEMv_IMMb+M32+I8,ADD,M32,I8,,0,0,0,0,1,0,1,1,1,0,0,0,0,0,0,0,0,3,10,175085425444
95,ADD_MEMv_IMMb+M64+I8,ADD,M64,I8,,0,0,0,0,1,0,1,1,1,0,0,0,0,0,0,0,0,3,10,9901725492
96,ADD_MEMv_IMMz+M16+I16,ADD,M16,I16,,0,0,0,0,1,0,1,1,1,0,0,0,0,0,0,0,0,3,11,0
97,ADD_MEMv_IMMz+M32+I32,ADD,M32,I32,,0,0,0,0,1,0,1,1,1,0,0,0,0,0,0,0,0,3,10,13054
98,ADD_MEMv_IMMz+M64+I32,ADD,M64,I32,,0,0,0,0,1,0,1,1,1,0,0,0,0,0,0,0,0,3,10,88900599
99,ADD_OrAX_IMMz+I16,ADD,AX,I16,,0,0,0,0,1,0,0,0,0,0,0,0,0,0,0,0,0,1,1,15372
100,ADD_OrAX_IMMz+I32,ADD,EAX,I32,,0,0,0,0,1,0,0,0,0,0,0,0,0,0,0,0,0,1,1,5047131968
101,ADD_OrAX_IMMz+I32,ADD,RAX,I32,,0,0,0,0,1,0,0,0,0,0,0,0,0,0,0,0,0,1,1,5047131968
102,AND_AL_IMMb+I8,AND,AL,I8,,0,0,0,0,1,0,0,0,0,0,0,0,0,0,0,0,0,1,1,15563
103,AND_GPR8_GPR8_20+R8+R8,AND_NOREX_20,R8,R8,,0,0,0,0,1,0,0,0,0,0,0,0,0,0,0,0,0,1,1,31347735
104,AND_GPR8_GPR8_20+R8+R8,AND_REX_20,R8,R8,,0,0,0,0,1,0,0,0,0,0,0,0,0,0,0,0,0,1,1,31347735
105,AND_GPR8_GPR8_22+R8+R8,AND_NOREX_22,R8,R8,,0,0,0,0,1,0,0,0,0,0,0,0,0,0,0,0,0,1,1,0
106,AND_GPR8_GPR8_22+R8+R8,AND_REX_22,R8,R8,,0,0,0,0,1,0,0,0,0,0,0,0,0,0,0,0,0,1,1,0
107,AND_GPR8_IMMb_80r4+R8+I8,AND_NOREX,R8,I8,,0,0,0,0,1,0,0,0,0,0,0,0,0,0,0,0,0,1,1,5206646602
108,AND_GPR8_IMMb_80r4+R8+I8,AND_REX,R8,I8,,0,0,0,0,1,0,0,0,0,0,0,0,0,0,0,0,0,1,1,5206646602
109,AND_GPR8_MEMb+R8+M8,AND_NOREX,R8,M8,,0,0,0,0,1,0,1,0,0,0,0,0,0,0,0,0,0,1,6,605069204
110,AND_GPR8_MEMb+R8+M8,AND_REX,R8,M8,,0,0,0,0,1,0,1,0,0,0,0,0,0,0,0,0,0,1,6,605069204
111,AND_GPRv_GPRv_21+R16+R16,AND_21,R16,R16,,0,0,0,0,1,0,0,0,0,0,0,0,0,0,0,0,0,1,1,0
112,AND_GPRv_GPRv_21+R32+R32,AND_21,R32,R32,,0,0,0,0,1,0,0,0,0,0,0,0,0,0,0,0,0,1,1,2577490410
113,AND_GPRv_GPRv_21+R64+R64,AND_21,R64,R64,,0,0,0,0,1,0,0,0,0,0,0,0,0,0,0,0,0,1,1,34572149572
114,AND_GPRv_GPRv_23+R16+R16,AND_23,R16,R16,,0,0,0,0,1,0,0,0,0,0,0,0,0,0,0,0,0,1,1,0
115,AND_GPRv_GPRv_23+R32+R32,AND_23,R32,R32,,0,0,0,0,1,0,0,0,0,0,0,0,0,0,0,0,0,1,1,0
116,AND_GPRv_GPRv_23+R64+R64,AND_23,R64,R64,,0,0,0,0,1,0,0,0,0,0,0,0,0,0,0,0,0,1,1,0
117,AND_GPRv_IMMb+R16+I8,AND,R16,I8,,0,0,0,0,1,0,0,0,0,0,0,0,0,0,0,0,0,1,1,9591851
118,AND_GPRv_IMMb+R32+I8,AND,R32,I8,,0,0,0,0,1,0,0,0,0,0,0,0,0,0,0,0,0,1,1,99376446513
119,AND_GPRv_IMMb+R64+I8,AND,R64,I8,,0,0,0,0,1,0,0,0,0,0,0,0,0,0,0,0,0,1,1,6846648342
120,AND_GPRv_IMMz+R16+I16,AND,R16,I16,,0,0,0,0,1,0,0,0,0,0,0,0,0,0,0,0,0,1,1,47646768
121,AND_GPRv_IMMz+R32+I32,AND,R32,I32,,0,0,0,0,1,0,0,0,0,0,0,0,0,0,0,0,0,1,1,23387461377
122,AND_GPRv_IMMz+R64+I32,AND,R64,I32,,0,0,0,0,1,0,0,0,0,0,0,0,0,0,0,0,0,1,1,25093
123,AND_GPRv_MEMv+R16+M16,AND,R16,M16,,0,0,0,0,1,0,1,0,0,0,0,0,0,0,0,0,0,1,6,1842
124,AND_GPRv_MEMv+R32+M32,AND,R32,M32,,0,0,0,0,1,0,1,0,0,0,0,0,0,0,0,0,0,1,6,5742895735
125,AND_GPRv_MEMv+R64+M64,AND,R64,M64,,0,0,0,0,1,0,1,0,0,0,0,0,0,0,0,0,0,1,6,19842851836
126,AND_LOCK_MEMb_GPR8+M8+R8,AND_LOCK_NOREX,M8,R8,,1,0,0,0,4,2,2,0,1,0,0,0,0,0,0,0,0,12,30,0
127,AND_LOCK_MEMb_GPR8+M8+R8,AND_LOCK_REX,M8,R8,,1,0,0,0,4,2,2,0,1,0,0,0,0,0,0,0,0,12,30,0
128,AND_LOCK_MEMb_IMMb_80r4+M8+I8,AND_LOCK,M8,I8,,1,0,0,0,4,2,2,0,1,0,0,0,0,0,0,0,0,15,30,0
129,AND_LOCK_MEMv_GPRv+M16+R16,AND_LOCK,M16,R16,,1,0,0,0,4,2,2,0,1,0,0,0,0,0,0,0,0,12,30,0
130,AND_LOCK_MEMv_GPRv+M32+R32,AND_LOCK,M32,R32,,1,0,0,0,4,2,2,0,1,0,0,0,0,0,0,0,0,12,29,0
131,AND_LOCK_MEMv_GPRv+M64+R64,AND_LOCK,M64,R64,,1,0,0,0,4,2,2,0,1,0,0,0,0,0,0,0,0,12,29,0
132,AND_LOCK_MEMv_IMMb+M16+I8,AND_LOCK,M16,I8,,1,0,0,0,4,2,2,0,1,0,0,0,0,0,0,0,0,15,30,0
133,AND_LOCK_MEMv_IMMb+M32+I8,AND_LOCK,M32,I8,,1,0,0,0,4,2,2,0,1,0,0,0,0,0,0,0,0,15,29,0
134,AND_LOCK_MEMv_IMMb+M64+I8,AND_LOCK,M64,I8,,1,0,0,0,4,2,2,0,1,0,0,0,0,0,0,0,0,15,29,0
135,AND_LOCK_MEMv_IMMz+M16+I16,AND_LOCK,M16,I16,,1,0,0,0,4,2,2,0,1,0,0,0,0,0,0,0,0,15,30,0
136,AND_LOCK_MEMv_IMMz+M32+I32,AND_LOCK,M32,I32,,1,0,0,0,4,2,2,0,1,0,0,0,0,0,0,0,0,15,29,0
137,AND_LOCK_MEMv_IMMz+M64+I32,AND_LOCK,M64,I32,,1,0,0,0,4,2,2,0,1,0,0,0,0,0,0,0,0,15,29,0
138,AND_MEMb_GPR8+M8+R8,AND_NOREX,M8,R8,,0,0,0,0,1,0,1,1,1,0,0,0,0,0,0,0,0,1,11,1240031
139,AND_MEMb_GPR8+M8+R8,AND_REX,M8,R8,,0,0,0,0,1,0,1,1,1,0,0,0,0,0,0,0,0,1,11,1240031
140,AND_MEMb_IMMb_80r4+M8+I8,AND,M8,I8,,0,0,0,0,1,0,1,1,1,0,0,0,0,0,0,0,0,3,11,171646532
141,AND_MEMv_GPRv+M16+R16,AND,M16,R16,,0,0,0,0,1,0,1,1,1,0,0,0,0,0,0,0,0,1,11,0
142,AND_MEMv_GPRv+M32+R32,AND,M32,R32,,0,0,0,0,1,0,1,1,1,0,0,0,0,0,0,0,0,1,10,177
143,AND_MEMv_GPRv+M64+R64,AND,M64,R64,,0,0,0,0,1,0,1,1,1,0,0,0,0,0,0,0,0,1,10,51604350
144,AND_MEMv_IMMb+M16+I8,AND,M16,I8,,0,0,0,0,1,0,1,1,1,0,0,0,0,0,0,0,0,3,11,96749
145,AND_MEMv_IMMb+M32+I8,AND,M32,I8,,0,0,0,0,1,0,1,1,1,0,0,0,0,0,0,0,0,3,10,127052656
146,AND_MEMv_IMMb+M64+I8,AND,M64,I8,,0,0,0,0,1,0,1,1,1,0,0,0,0,0,0,0,0,3,10,1247827
147,AND_MEMv_IMMz+M16+I16,AND,M16,I16,,0,0,0,0,1,0,1,1,1,0,0,0,0,0,0,0,0,3,11,15990
148,AND_MEMv_IMMz+M32+I32,AND,M32,I32,,0,0,0,0,1,0,1,1,1,0,0,0,0,0,0,0,0,3,10,317789598
149,AND_MEMv_IMMz+M64+I32,AND,M64,I32,,0,0,0,0,1,0,1,1,1,0,0,0,0,0,0,0,0,3,10,87
150,AND_OrAX_IMMz+I16,AND,AX,I16,,0,0,0,0,1,0,0,0,0,0,0,0,0,0,0,0,0,1,1,380456073
151,AND_OrAX_IMMz+I32,AND,EAX,I32,,0,0,0,0,1,0,0,0,0,0,0,0,0,0,0,0,0,1,1,28587981524
152,AND_OrAX_IMMz+I32,AND,RAX,I32,,0,0,0,0,1,0,0,0,0,0,0,0,0,0,0,0,0,1,1,28587981524
153,BSF_GPRv_GPRv+R16+R16,BSF,R16,R16,,0,0,0,0,0,0,0,0,0,1,0,0,0,0,0,0,0,3,3,0
154,BSF_GPRv_GPRv+R32+R32,BSF,R32,R32,,0,0,0,0,0,0,0,0,0,1,0,0,0,0,0,0,0,3,3,427
155,BSF_GPRv_GPRv+R64+R64,BSF,R64,R64,,0,0,0,0,0,0,0,0,0,1,0,0,0,0,0,0,0,3,3,2750233815
156,BSF_GPRv_MEMv+R16+M16,BSF,R16,M16,,0,0,0,0,0,0,1,0,0,1,0,0,0,0,0,0,0,3,8,0
157,BSF_GPRv_MEMv+R32+M32,BSF,R32,M32,,0,0,0,0,0,0,1,0,0,1,0,0,0,0,0,0,0,3,8,0
158,BSF_GPRv_MEMv+R64+M64,BSF,R64,M64,,0,0,0,0,0,0,1,0,0,1,0,0,0,0,0,0,0,3,8,0
159,BSR_GPRv_GPRv+R16+R16,BSR,R16,R16,,0,0,0,0,0,0,0,0,0,1,0,0,0,0,0,0,0,3,3,0
160,BSR_GPRv_GPRv+R32+R32,BSR,R32,R32,,0,0,0,0,0,0,0,0,0,1,0,0,0,0,0,0,0,3,3,457
161,BSR_GPRv_GPRv+R64+R64,BSR,R64,R64,,0,0,0,0,0,0,0,0,0,1,0,0,0,0,0,0,0,3,3,123497
162,BSR_GPRv_MEMv+R16+M16,BSR,R16,M16,,0,0,0,0,0,0,1,0,0,1,0,0,0,0,0,0,0,3,8,0
163,BSR_GPRv_MEMv+R32+M32,BSR,R32,M32,,0,0,0,0,0,0,1,0,0,1,0,0,0,0,0,0,0,3,8,0
164,BSR_GPRv_MEMv+R64+M64,BSR,R64,M64,,0,0,0,0,0,0,1,0,0,1,0,0,0,0,0,0,0,3,8,1571715
165,BSWAP_GPRv+R32,BSWAP,R32,,,0,0,0,0,0,0,0,0,0,0,1,0,0,0,0,0,0,1,1,26050078
166,BSWAP_GPRv+R64,BSWAP,R64,,,0,0,0,0,0,1,0,0,0,0,1,0,0,0,0,0,0,2,2,2
167,BTC_GPRv_GPRv+R16+R16,BTC,R16,R16,,0,0,0,0,0,1,0,0,0,0,0,0,0,0,0,0,0,1,1,0
168,BTC_GPRv_GPRv+R32+R32,BTC,R32,R32,,0,0,0,0,0,1,0,0,0,0,0,0,0,0,0,0,0,1,1,0
169,BTC_GPRv_GPRv+R64+R64,BTC,R64,R64,,0,0,0,0,0,1,0,0,0,0,0,0,0,0,0,0,0,1,1,0
170,BTC_GPRv_IMMb+R16+I8,BTC,R16,I8,,0,0,0,0,0,1,0,0,0,0,0,0,0,0,0,0,0,1,1,0
171,BTC_GPRv_IMMb+R32+I8,BTC,R32,I8,,0,0,0,0,0,1,0,0,0,0,0,0,0,0,0,0,0,1,1,0
172,BTC_GPRv_IMMb+R64+I8,BTC,R64,I8,,0,0,0,0,0,1,0,0,0,0,0,0,0,0,0,0,0,1,1,0
173,BTC_LOCK_MEMv_GPRv+M16+R16,BTC_LOCK,M16,R16,,1,0,0,0,6,5,2,0,1,1,0,0,0,0,0,0,0,15,34,0
174,BTC_LOCK_MEMv_GPRv+M32+R32,BTC_LOCK,M32,R32,,1,0,0,0,6,5,2,0,1,1,0,0,0,0,0,0,0,15,33,0
175,BTC_LOCK_MEMv_GPRv+M64+R64,BTC_LOCK,M64,R64,,1,0,0,0,4,5,2,0,1,1,0,1,0,0,0,0,0,15,32,0
176,BTC_LOCK_MEMv_IMMb+M16+I8,BTC_LOCK,M16,I8,,1,0,0,0,2,4,2,0,1,0,0,0,0,0,0,0,0,15,30,0
177,BTC_LOCK_MEMv_IMMb+M32+I8,BTC_LOCK,M32,I8,,1,0,0,0,3,3,2,0,1,0,0,0,0,0,0,0,0,15,27,0
178,BTC_LOCK_MEMv_IMMb+M64+I8,BTC_LOCK,M64,I8,,1,0,0,0,3,3,2,0,1,0,0,0,0,0,0,0,0,15,29,0
179,BTC_MEMv_GPRv+M16+R16,BTC,M16,R16,,0,0,0,0,3,3,2,0,1,1,0,1,0,0,0,0,0,3,18,0
180,BTC_MEMv_GPRv+M32+R32,BTC,M32,R32,,0,0,0,0,3,3,2,0,1,1,0,1,0,0,0,0,0,3,17,0
181,BTC_MEMv_GPRv+M64+R64,BTC,M64,R64,,0,0,0,0,2,3,2,0,1,1,0,1,0,0,0,0,0,3,16,0
182,BTC_MEMv_IMMb+M16+I8,BTC,M16,I8,,0,0,0,0,0,1,1,1,1,0,0,0,0,0,0,0,0,3,11,0
183,BTC_MEMv_IMMb+M32+I8,BTC,M32,I8,,0,0,0,0,0,1,1,1,1,0,0,0,0,0,0,0,0,3,10,0
184,BTC_MEMv_IMMb+M64+I8,BTC,M64,I8,,0,0,0,0,0,1,1,1,1,0,0,0,0,0,0,0,0,3,10,0
185,BTR_GPRv_GPRv+R16+R16,BTR,R16,R16,,0,0,0,0,0,1,0,0,0,0,0,0,0,0,0,0,0,1,1,0
186,BTR_GPRv_GPRv+R32+R32,BTR,R32,R32,,0,0,0,0,0,1,0,0,0,0,0,0,0,0,0,0,0,1,1,0
187,BTR_GPRv_GPRv+R64+R64,BTR,R64,R64,,0,0,0,0,0,1,0,0,0,0,0,0,0,0,0,0,0,1,1,0
188,BTR_GPRv_IMMb+R16+I8,BTR,R16,I8,,0,0,0,0,0,1,0,0,0,0,0,0,0,0,0,0,0,1,1,0
189,BTR_GPRv_IMMb+R32+I8,BTR,R32,I8,,0,0,0,0,0,1,0,0,0,0,0,0,0,0,0,0,0,1,1,0
190,BTR_GPRv_IMMb+R64+I8,BTR,R64,I8,,0,0,0,0,0,1,0,0,0,0,0,0,0,0,0,0,0,1,1,11
191,BTR_LOCK_MEMv_GPRv+M16+R16,BTR_LOCK,M16,R16,,1,0,0,0,6,5,2,0,1,1,0,0,0,0,0,0,0,15,34,0
192,BTR_LOCK_MEMv_GPRv+M32+R32,BTR_LOCK,M32,R32,,1,0,0,0,6,5,2,0,1,1,0,0,0,0,0,0,0,15,33,0
193,BTR_LOCK_MEMv_GPRv+M64+R64,BTR_LOCK,M64,R64,,1,0,0,0,4,5,2,0,1,1,0,1,0,0,0,0,0,15,32,0
194,BTR_LOCK_MEMv_IMMb+M16+I8,BTR_LOCK,M16,I8,,1,0,0,0,3,3,2,0,1,0,0,0,0,0,0,0,0,15,30,0
195,BTR_LOCK_MEMv_IMMb+M32+I8,BTR_LOCK,M32,I8,,1,0,0,0,3,3,2,0,1,0,0,0,0,0,0,0,0,15,29,0
196,BTR_LOCK_MEMv_IMMb+M64+I8,BTR_LOCK,M64,I8,,1,0,0,0,3,3,2,0,1,0,0,0,0,0,0,0,0,15,29,0
197,BTR_MEMv_GPRv+M16+R16,BTR,M16,R16,,0,0,0,0,3,3,2,0,1,1,0,1,0,0,0,0,0,3,18,0
198,BTR_MEMv_GPRv+M32+R32,BTR,M32,R32,,0,0,0,0,3,3,2,0,1,1,0,1,0,0,0,0,0,3,17,0
199,BTR_MEMv_GPRv+M64+R64,BTR,M64,R64,,0,0,0,0,2,3,2,0,1,1,0,1,0,0,0,0,0,3,16,0
200,BTR_MEMv_IMMb+M16+I8,BTR,M16,I8,,0,0,0,0,0,1,1,1,1,0,0,0,0,0,0,0,0,3,11,0
201,BTR_MEMv_IMMb+M32+I8,BTR,M32,I8,,0,0,0,0,0,1,1,1,1,0,0,0,0,0,0,0,0,3,10,0
202,BTR_MEMv_IMMb+M64+I8,BTR,M64,I8,,0,0,0,0,0,1,1,1,1,0,0,0,0,0,0,0,0,3,10,0
203,BTS_GPRv_GPRv+R16+R16,BTS,R16,R16,,0,0,0,0,0,1,0,0,0,0,0,0,0,0,0,0,0,1,1,0
204,BTS_GPRv_GPRv+R32+R32,BTS,R32,R32,,0,0,0,0,0,1,0,0,0,0,0,0,0,0,0,0,0,1,1,0
205,BTS_GPRv_GPRv+R64+R64,BTS,R64,R64,,0,0,0,0,0,1,0,0,0,0,0,0,0,0,0,0,0,1,1,0
206,BTS_GPRv_IMMb+R16+I8,BTS,R16,I8,,0,0,0,0,0,1,0,0,0,0,0,0,0,0,0,0,0,1,1,0
207,BTS_GPRv_IMMb+R32+I8,BTS,R32,I8,,0,0,0,0,0,1,0,0,0,0,0,0,0,0,0,0,0,1,1,0
208,BTS_GPRv_IMMb+R64+I8,BTS,R64,I8,,0,0,0,0,0,1,0,0,0,0,0,0,0,0,0,0,0,1,1,0
209,BTS_LOCK_MEMv_GPRv+M16+R16,BTS_LOCK,M16,R16,,1,0,0,0,6,5,2,0,1,1,0,0,0,0,0,0,0,15,34,0
210,BTS_LOCK_MEMv_GPRv+M32+R32,BTS_LOCK,M32,R32,,1,0,0,0,6,5,2,0,1,1,0,0,0,0,0,0,0,15,33,0
211,BTS_LOCK_MEMv_GPRv+M64+R64,BTS_LOCK,M64,R64,,1,0,0,0,4,5,2,0,1,1,0,1,0,0,0,0,0,15,32,0
212,BTS_LOCK_MEMv_IMMb+M16+I8,BTS_LOCK,M16,I8,,1,0,0,0,3,3,2,0,1,0,0,0,0,0,0,0,0,15,30,0
213,BTS_LOCK_MEMv_IMMb+M32+I8,BTS_LOCK,M32,I8,,1,0,0,0,3,3,2,0,1,0,0,0,0,0,0,0,0,15,29,0
214,BTS_LOCK_MEMv_IMMb+M64+I8,BTS_LOCK,M64,I8,,1,0,0,0,3,3,2,0,1,0,0,0,0,0,0,0,0,15,33,0
215,BTS_MEMv_GPRv+M16+R16,BTS,M16,R16,,0,0,0,0,3,3,2,0,1,1,0,1,0,0,0,0,0,3,18,0
216,BTS_MEMv_GPRv+M32+R32,BTS,M32,R32,,0,0,0,0,3,3,2,0,1,1,0,1,0,0,0,0,0,3,17,0
217,BTS_MEMv_GPRv+M64+R64,BTS,M64,R64,,0,0,0,0,2,3,2,0,1,1,0,1,0,0,0,0,0,3,16,0
218,BTS_MEMv_IMMb+M16+I8,BTS,M16,I8,,0,0,0,0,0,1,1,1,1,0,0,0,0,0,0,0,0,3,11,0
219,BTS_MEMv_IMMb+M32+I8,BTS,M32,I8,,0,0,0,0,0,1,1,1,1,0,0,0,0,0,0,0,0,3,10,0
220,BTS_MEMv_IMMb+M64+I8,BTS,M64,I8,,0,0,0,0,0,1,1,1,1,0,0,0,0,0,0,0,0,3,10,0
221,BT_GPRv_GPRv+R16+R16,BT,R16,R16,,0,0,0,0,0,1,0,0,0,0,0,0,0,0,0,0,0,1,1,0
222,BT_GPRv_GPRv+R32+R32,BT,R32,R32,,0,0,0,0,0,1,0,0,0,0,0,0,0,0,0,0,0,1,1,237376807
223,BT_GPRv_GPRv+R64+R64,BT,R64,R64,,0,0,0,0,0,1,0,0,0,0,0,0,0,0,0,0,0,1,1,453415811
224,BT_GPRv_IMMb+R16+I8,BT,R16,I8,,0,0,0,0,0,1,0,0,0,0,0,0,0,0,0,0,0,1,1,0
225,BT_GPRv_IMMb+R32+I8,BT,R32,I8,,0,0,0,0,0,1,0,0,0,0,0,0,0,0,0,0,0,1,1,51
226,BT_GPRv_IMMb+R64+I8,BT,R64,I8,,0,0,0,0,0,1,0,0,0,0,0,0,0,0,0,0,0,1,1,2002172
227,BT_MEMv_GPRv+M16+R16,BT,M16,R16,,0,0,0,0,4,3,1,0,0,1,0,1,0,0,0,0,0,3,11,0
228,BT_MEMv_GPRv+M32+R32,BT,M32,R32,,0,0,0,0,4,3,1,0,0,1,0,1,0,0,0,0,0,3,11,0
229,BT_MEMv_GPRv+M64+R64,BT,M64,R64,,0,0,0,0,3,3,1,0,0,1,0,1,0,0,0,0,0,3,10,0
230,BT_MEMv_IMMb+M16+I8,BT,M16,I8,,0,0,0,0,0,1,1,0,0,0,0,0,0,0,0,0,0,3,6,0
231,BT_MEMv_IMMb+M32+I8,BT,M32,I8,,0,0,0,0,0,1,1,0,0,0,0,0,0,0,0,0,0,3,6,0
232,BT_MEMv_IMMb+M64+I8,BT,M64,I8,,0,0,0,0,0,1,1,0,0,0,0,0,0,0,0,0,0,3,6,0
233,CBW,CBW,,,,0,0,0,0,1,0,0,0,0,0,0,0,0,0,0,0,0,1,1,0
234,CDQ,CDQ,,,,0,0,0,0,0,1,0,0,0,0,0,0,0,0,0,0,0,1,1,10213318242
235,CMC,CMC,,,,0,0,0,0,1,0,0,0,0,0,0,0,0,0,0,0,0,1,1,0
236,CMOVBE_GPRv_GPRv+R16+R16,CMOVBE,R16,R16,,0,0,0,0,0,2,0,0,0,0,0,0,0,0,0,0,0,1,2,0
237,CMOVBE_GPRv_GPRv+R32+R32,CMOVBE,R32,R32,,0,0,0,0,0,2,0,0,0,0,0,0,0,0,0,0,0,1,2,3157842548
238,CMOVBE_GPRv_GPRv+R64+R64,CMOVBE,R64,R64,,0,0,0,0,0,2,0,0,0,0,0,0,0,0,0,0,0,1,2,242155489
239,CMOVBE_GPRv_MEMv+R16+M16,CMOVBE,R16,M16,,0,0,0,0,0,2,1,0,0,0,0,0,0,0,0,0,0,1,6,0
240,CMOVBE_GPRv_MEMv+R32+M32,CMOVBE,R32,M32,,0,0,0,0,0,2,1,0,0,0,0,0,0,0,0,0,0,1,6,1181749
241,CMOVBE_GPRv_MEMv+R64+M64,CMOVBE,R64,M64,,0,0,0,0,0,2,1,0,0,0,0,0,0,0,0,0,0,1,6,191539
242,CMOVB_GPRv_GPRv+R16+R16,CMOVB,R16,R16,,0,0,0,0,0,1,0,0,0,0,0,0,0,0,0,0,0,1,1,0
243,CMOVB_GPRv_GPRv+R32+R32,CMOVB,R32,R32,,0,0,0,0,0,1,0,0,0,0,0,0,0,0,0,0,0,1,1,2018588112
244,CMOVB_GPRv_GPRv+R64+R64,CMOVB,R64,R64,,0,0,0,0,0,1,0,0,0,0,0,0,0,0,0,0,0,1,1,405059574
245,CMOVB_GPRv_MEMv+R16+M16,CMOVB,R16,M16,,0,0,0,0,0,1,1,0,0,0,0,0,0,0,0,0,0,1,6,0
246,CMOVB_GPRv_MEMv+R32+M32,CMOVB,R32,M32,,0,0,0,0,0,1,1,0,0,0,0,0,0,0,0,0,0,1,6,0
247,CMOVB_GPRv_MEMv+R64+M64,CMOVB,R64,M64,,0,0,0,0,0,1,1,0,0,0,0,0,0,0,0,0,0,1,6,0
248,CMOVLE_GPRv_GPRv+R16+R16,CMOVLE,R16,R16,,0,0,0,0,0,1,0,0,0,0,0,0,0,0,0,0,0,1,1,0
249,CMOVLE_GPRv_GPRv+R32+R32,CMOVLE,R32,R32,,0,0,0,0,0,1,0,0,0,0,0,0,0,0,0,0,0,1,1,46051063
250,CMOVLE_GPRv_GPRv+R64+R64,CMOVLE,R64,R64,,0,0,0,0,0,1,0,0,0,0,0,0,0,0,0,0,0,1,1,328870904
251,CMOVLE_GPRv_MEMv+R16+M16,CMOVLE,R16,M16,,0,0,0,0,0,1,1,0,0,0,0,0,0,0,0,0,0,1,6,0
252,CMOVLE_GPRv_MEMv+R32+M32,CMOVLE,R32,M32,,0,0,0,0,0,1,1,0,0,0,0,0,0,0,0,0,0,1,6,147044928
253,CMOVLE_GPRv_MEMv+R64+M64,CMOVLE,R64,M64,,0,0,0,0,0,1,1,0,0,0,0,0,0,0,0,0,0,1,6,138383350
254,CMOVL_GPRv_GPRv+R16+R16,CMOVL,R16,R16,,0,0,0,0,0,1,0,0,0,0,0,0,0,0,0,0,0,1,1,0
255,CMOVL_GPRv_GPRv+R32+R32,CMOVL,R32,R32,,0,0,0,0,0,1,0,0,0,0,0,0,0,0,0,0,0,1,1,1188841968
256,CMOVL_GPRv_GPRv+R64+R64,CMOVL,R64,R64,,0,0,0,0,0,1,0,0,0,0,0,0,0,0,0,0,0,1,1,292068425
257,CMOVL_GPRv_MEMv+R16+M16,CMOVL,R16,M16,,0,0,0,0,0,1,1,0,0,0,0,0,0,0,0,0,0,1,6,0
258,CMOVL_GPRv_MEMv+R32+M32,CMOVL,R32,M32,,0,0,0,0,0,1,1,0,0,0,0,0,0,0,0,0,0,1,6,0
259,CMOVL_GPRv_MEMv+R64+M64,CMOVL,R64,M64,,0,0,0,0,0,1,1,0,0,0,0,0,0,0,0,0,0,1,6,0
260,CMOVNBE_GPRv_GPRv+R16+R16,CMOVNBE,R16,R16,,0,0,0,0,0,2,0,0,0,0,0,0,0,0,0,0,0,1,2,0
261,CMOVNBE_GPRv_GPRv+R32+R32,CMOVNBE,R32,R32,,0,0,0,0,0,2,0,0,0,0,0,0,0,0,0,0,0,1,2,968355470
262,CMOVNBE_GPRv_GPRv+R64+R64,CMOVNBE,R64,R64,,0,0,0,0,0,2,0,0,0,0,0,0,0,0,0,0,0,1,2,216434038
263,CMOVNBE_GPRv_MEMv+R16+M16,CMOVNBE,R16,M16,,0,0,0,0,0,2,1,0,0,0,0,0,0,0,0,0,0,1,6,0
264,CMOVNBE_GPRv_MEMv+R32+M32,CMOVNBE,R32,M32,,0,0,0,0,0,2,1,0,0,0,0,0,0,0,0,0,0,1,6,7370
265,CMOVNBE_GPRv_MEMv+R64+M64,CMOVNBE,R64,M64,,0,0,0,0,0,2,1,0,0,0,0,0,0,0,0,0,0,1,6,8
266,CMOVNB_GPRv_GPRv+R16+R16,CMOVNB,R16,R16,,0,0,0,0,0,1,0,0,0,0,0,0,0,0,0,0,0,1,1,0
267,CMOVNB_GPRv_GPRv+R32+R32,CMOVNB,R32,R32,,0,0,0,0,0,1,0,0,0,0,0,0,0,0,0,0,0,1,1,2010771991
268,CMOVNB_GPRv_GPRv+R64+R64,CMOVNB,R64,R64,,0,0,0,0,0,1,0,0,0,0,0,0,0,0,0,0,0,1,1,4986920
269,CMOVNB_GPRv_MEMv+R16+M16,CMOVNB,R16,M16,,0,0,0,0,0,1,1,0,0,0,0,0,0,0,0,0,0,1,6,0
270,CMOVNB_GPRv_MEMv+R32+M32,CMOVNB,R32,M32,,0,0,0,0,0,1,1,0,0,0,0,0,0,0,0,0,0,1,6,152815
271,CMOVNB_GPRv_MEMv+R64+M64,CMOVNB,R64,M64,,0,0,0,0,0,1,1,0,0,0,0,0,0,0,0,0,0,1,6,14842709
272,CMOVNLE_GPRv_GPRv+R16+R16,CMOVNLE,R16,R16,,0,0,0,0,0,1,0,0,0,0,0,0,0,0,0,0,0,1,1,0
273,CMOVNLE_GPRv_GPRv+R32+R32,CMOVNLE,R32,R32,,0,0,0,0,0,1,0,0,0,0,0,0,0,0,0,0,0,1,1,134427597
274,CMOVNLE_GPRv_GPRv+R64+R64,CMOVNLE,R64,R64,,0,0,0,0,0,1,0,0,0,0,0,0,0,0,0,0,0,1,1,687915096
275,CMOVNLE_GPRv_MEMv+R16+M16,CMOVNLE,R16,M16,,0,0,0,0,0,1,1,0,0,0,0,0,0,0,0,0,0,1,6,0
276,CMOVNLE_GPRv_MEMv+R32+M32,CMOVNLE,R32,M32,,0,0,0,0,0,1,1,0,0,0,0,0,0,0,0,0,0,1,6,62208009
277,CMOVNLE_GPRv_MEMv+R64+M64,CMOVNLE,R64,M64,,0,0,0,0,0,1,1,0,0,0,0,0,0,0,0,0,0,1,6,758881
278,CMOVNL_GPRv_GPRv+R16+R16,CMOVNL,R16,R16,,0,0,0,0,0,1,0,0,0,0,0,0,0,0,0,0,0,1,1,0
279,CMOVNL_GPRv_GPRv+R32+R32,CMOVNL,R32,R32,,0,0,0,0,0,1,0,0,0,0,0,0,0,0,0,0,0,1,1,994528482
280,CMOVNL_GPRv_GPRv+R64+R64,CMOVNL,R64,R64,,0,0,0,0,0,1,0,0,0,0,0,0,0,0,0,0,0,1,1,2362974
281,CMOVNL_GPRv_MEMv+R16+M16,CMOVNL,R16,M16,,0,0,0,0,0,1,1,0,0,0,0,0,0,0,0,0,0,1,6,0
282,CMOVNL_GPRv_MEMv+R32+M32,CMOVNL,R32,M32,,0,0,0,0,0,1,1,0,0,0,0,0,0,0,0,0,0,1,6,7483442
283,CMOVNL_GPRv_MEMv+R64+M64,CMOVNL,R64,M64,,0,0,0,0,0,1,1,0,0,0,0,0,0,0,0,0,0,1,6,257884
284,CMOVNO_GPRv_GPRv+R16+R16,CMOVNO,R16,R16,,0,0,0,0,0,1,0,0,0,0,0,0,0,0,0,0,0,1,1,0
285,CMOVNO_GPRv_GPRv+R32+R32,CMOVNO,R32,R32,,0,0,0,0,0,1,0,0,0,0,0,0,0,0,0,0,0,1,1,0
286,CMOVNO_GPRv_GPRv+R64+R64,CMOVNO,R64,R64,,0,0,0,0,0,1,0,0,0,0,0,0,0,0,0,0,0,1,1,0
287,CMOVNO_GPRv_MEMv+R16+M16,CMOVNO,R16,M16,,0,0,0,0,0,1,1,0,0,0,0,0,0,0,0,0,0,1,6,0
288,CMOVNO_GPRv_MEMv+R32+M32,CMOVNO,R32,M32,,0,0,0,0,0,1,1,0,0,0,0,0,0,0,0,0,0,1,6,0
289,CMOVNO_GPRv_MEMv+R64+M64,CMOVNO,R64,M64,,0,0,0,0,0,1,1,0,0,0,0,0,0,0,0,0,0,1,6,0
290,CMOVNP_GPRv_GPRv+R16+R16,CMOVNP,R16,R16,,0,0,0,0,0,1,0,0,0,0,0,0,0,0,0,0,0,1,1,0
291,CMOVNP_GPRv_GPRv+R32+R32,CMOVNP,R32,R32,,0,0,0,0,0,1,0,0,0,0,0,0,0,0,0,0,0,1,1,0
292,CMOVNP_GPRv_GPRv+R64+R64,CMOVNP,R64,R64,,0,0,0,0,0,1,0,0,0,0,0,0,0,0,0,0,0,1,1,0
293,CMOVNP_GPRv_MEMv+R16+M16,CMOVNP,R16,M16,,0,0,0,0,0,1,1,0,0,0,0,0,0,0,0,0,0,1,6,0
294,CMOVNP_GPRv_MEMv+R32+M32,CMOVNP,R32,M32,,0,0,0,0,0,1,1,0,0,0,0,0,0,0,0,0,0,1,6,0
295,CMOVNP_GPRv_MEMv+R64+M64,CMOVNP,R64,M64,,0,0,0,0,0,1,1,0,0,0,0,0,0,0,0,0,0,1,6,0
296,CMOVNS_GPRv_GPRv+R16+R16,CMOVNS,R16,R16,,0,0,0,0,0,1,0,0,0,0,0,0,0,0,0,0,0,1,1,0
297,CMOVNS_GPRv_GPRv+R32+R32,CMOVNS,R32,R32,,0,0,0,0,0,1,0,0,0,0,0,0,0,0,0,0,0,1,1,660271261
298,CMOVNS_GPRv_GPRv+R64+R64,CMOVNS,R64,R64,,0,0,0,0,0,1,0,0,0,0,0,0,0,0,0,0,0,1,1,282062011
299,CMOVNS_GPRv_MEMv+R16+M16,CMOVNS,R16,M16,,0,0,0,0,0,1,1,0,0,0,0,0,0,0,0,0,0,1,6,0
300,CMOVNS_GPRv_MEMv+R32+M32,CMOVNS,R32,M32,,0,0,0,0,0,1,1,0,0,0,0,0,0,0,0,0,0,1,6,647
301,CMOVNS_GPRv_MEMv+R64+M64,CMOVNS,R64,M64,,0,0,0,0,0,1,1,0,0,0,0,0,0,0,0,0,0,1,6,78436783
302,CMOVNZ_GPRv_GPRv+R16+R16,CMOVNZ,R16,R16,,0,0,0,0,0,1,0,0,0,0,0,0,0,0,0,0,0,1,1,0
303,CMOVNZ_GPRv_GPRv+R32+R32,CMOVNZ,R32,R32,,0,0,0,0,0,1,0,0,0,0,0,0,0,0,0,0,0,1,1,5782785682
304,CMOVNZ_GPRv_GPRv+R64+R64,CMOVNZ,R64,R64,,0,0,0,0,0,1,0,0,0,0,0,0,0,0,0,0,0,1,1,6824016950
305,CMOVNZ_GPRv_MEMv+R16+M16,CMOVNZ,R16,M16,,0,0,0,0,0,1,1,0,0,0,0,0,0,0,0,0,0,1,6,0
306,CMOVNZ_GPRv_MEMv+R32+M32,CMOVNZ,R32,M32,,0,0,0,0,0,1,1,0,0,0,0,0,0,0,0,0,0,1,6,60099436
307,CMOVNZ_GPRv_MEMv+R64+M64,CMOVNZ,R64,M64,,0,0,0,0,0,1,1,0,0,0,0,0,0,0,0,0,0,1,6,15421448
308,CMOVO_GPRv_GPRv+R16+R16,CMOVO,R16,R16,,0,0,0,0,0,1,0,0,0,0,0,0,0,0,0,0,0,1,1,0
309,CMOVO_GPRv_GPRv+R32+R32,CMOVO,R32,R32,,0,0,0,0,0,1,0,0,0,0,0,0,0,0,0,0,0,1,1,0
310,CMOVO_GPRv_GPRv+R64+R64,CMOVO,R64,R64,,0,0,0,0,0,1,0,0,0,0,0,0,0,0,0,0,0,1,1,0
311,CMOVO_GPRv_MEMv+R16+M16,CMOVO,R16,M16,,0,0,0,0,0,1,1,0,0,0,0,0,0,0,0,0,0,1,6,0
312,CMOVO_GPRv_MEMv+R32+M32,CMOVO,R32,M32,,0,0,0,0,0,1,1,0,0,0,0,0,0,0,0,0,0,1,6,0
313,CMOVO_GPRv_MEMv+R64+M64,CMOVO,R64,M64,,0,0,0,0,0,1,1,0,0,0,0,0,0,0,0,0,0,1,6,0
314,CMOVP_GPRv_GPRv+R16+R16,CMOVP,R16,R16,,0,0,0,0,0,1,0,0,0,0,0,0,0,0,0,0,0,1,1,0
315,CMOVP_GPRv_GPRv+R32+R32,CMOVP,R32,R32,,0,0,0,0,0,1,0,0,0,0,0,0,0,0,0,0,0,1,1,0
316,CMOVP_GPRv_GPRv+R64+R64,CMOVP,R64,R64,,0,0,0,0,0,1,0,0,0,0,0,0,0,0,0,0,0,1,1,0
317,CMOVP_GPRv_MEMv+R16+M16,CMOVP,R16,M16,,0,0,0,0,0,1,1,0,0,0,0,0,0,0,0,0,0,1,6,0
318,CMOVP_GPRv_MEMv+R32+M32,CMOVP,R32,M32,,0,0,0,0,0,1,1,0,0,0,0,0,0,0,0,0,0,1,6,0
319,CMOVP_GPRv_MEMv+R64+M64,CMOVP,R64,M64,,0,0,0,0,0,1,1,0,0,0,0,0,0,0,0,0,0,1,6,0
320,CMOVS_GPRv_GPRv+R16+R16,CMOVS,R16,R16,,0,0,0,0,0,1,0,0,0,0,0,0,0,0,0,0,0,1,1,0
321,CMOVS_GPRv_GPRv+R32+R32,CMOVS,R32,R32,,0,0,0,0,0,1,0,0,0,0,0,0,0,0,0,0,0,1,1,342136050
322,CMOVS_GPRv_GPRv+R64+R64,CMOVS,R64,R64,,0,0,0,0,0,1,0,0,0,0,0,0,0,0,0,0,0,1,1,134671266
323,CMOVS_GPRv_MEMv+R16+M16,CMOVS,R16,M16,,0,0,0,0,0,1,1,0,0,0,0,0,0,0,0,0,0,1,6,0
324,CMOVS_GPRv_MEMv+R32+M32,CMOVS,R32,M32,,0,0,0,0,0,1,1,0,0,0,0,0,0,0,0,0,0,1,6,48093
325,CMOVS_GPRv_MEMv+R64+M64,CMOVS,R64,M64,,0,0,0,0,0,1,1,0,0,0,0,0,0,0,0,0,0,1,6,4625835
326,CMOVZ_GPRv_GPRv+R16+R16,CMOVZ,R16,R16,,0,0,0,0,0,1,0,0,0,0,0,0,0,0,0,0,0,1,1,0
327,CMOVZ_GPRv_GPRv+R32+R32,CMOVZ,R32,R32,,0,0,0,0,0,1,0,0,0,0,0,0,0,0,0,0,0,1,1,1443525895
328,CMOVZ_GPRv_GPRv+R64+R64,CMOVZ,R64,R64,,0,0,0,0,0,1,0,0,0,0,0,0,0,0,0,0,0,1,1,1737370397
329,CMOVZ_GPRv_MEMv+R16+M16,CMOVZ,R16,M16,,0,0,0,0,0,1,1,0,0,0,0,0,0,0,0,0,0,1,6,0
330,CMOVZ_GPRv_MEMv+R32+M32,CMOVZ,R32,M32,,0,0,0,0,0,1,1,0,0,0,0,0,0,0,0,0,0,1,6,7170177
331,CMOVZ_GPRv_MEMv+R64+M64,CMOVZ,R64,M64,,0,0,0,0,0,1,1,0,0,0,0,0,0,0,0,0,0,1,6,74119203
332,CMPSB,CMPSB,,,,0,0,0,0,3,0,2,0,0,0,0,0,0,0,0,0,0,3,6,0
333,CMPSD,CMPSD,,,,0,0,0,0,3,0,2,0,0,0,0,0,0,0,0,0,0,3,6,0
334,CMPSW,CMPSW,,,,0,0,0,0,3,0,2,0,0,0,0,0,0,0,0,0,0,3,6,0
335,CMPXCHG8B_LOCK_MEMq+M64,CMPXCHG8B_LOCK,M64,,,1,0,0,0,0,8,2,0,1,0,2,10,0,0,0,0,0,14,30,0
336,CMPXCHG8B_MEMq+M64,CMPXCHG8B,M64,,,0,0,0,0,2,7,2,0,1,0,2,2,0,0,0,0,0,0,19,0
337,CMPXCHG_GPR8_GPR8+R8+R8,CMPXCHG_NOREX,R8,R8,,0,0,0,0,3,2,0,0,0,0,0,0,0,0,0,0,0,0,4,0
338,CMPXCHG_GPR8_GPR8+R8+R8,CMPXCHG_REX,R8,R8,,0,0,0,0,3,2,0,0,0,0,0,0,0,0,0,0,0,0,4,0
339,CMPXCHG_GPRv_GPRv+R16+R16,CMPXCHG,R16,R16,,0,0,0,0,3,2,0,0,0,0,0,0,0,0,0,0,0,0,4,0
340,CMPXCHG_GPRv_GPRv+R32+R32,CMPXCHG,R32,R32,,0,0,0,0,3,2,0,0,0,0,0,0,0,0,0,0,0,0,4,0
341,CMPXCHG_GPRv_GPRv+R64+R64,CMPXCHG,R64,R64,,0,0,0,0,3,2,0,0,0,0,0,0,0,0,0,0,0,0,4,0
342,CMPXCHG_LOCK_MEMb_GPR8+M8+R8,CMPXCHG_LOCK_NOREX,M8,R8,,1,0,0,0,4,4,2,0,1,0,0,1,0,0,0,0,0,13,30,0
343,CMPXCHG_LOCK_MEMb_GPR8+M8+R8,CMPXCHG_LOCK_REX,M8,R8,,1,0,0,0,4,4,2,0,1,0,0,1,0,0,0,0,0,12,30,0
344,CMPXCHG_LOCK_MEMv_GPRv+M16+R16,CMPXCHG_LOCK,M16,R16,,1,0,0,0,4,4,2,0,1,0,0,1,0,0,0,0,0,12,30,0
345,CMPXCHG_LOCK_MEMv_GPRv+M32+R32,CMPXCHG_LOCK,M32,R32,,1,0,0,0,4,4,2,0,1,0,0,1,0,0,0,0,0,12,29,416
346,CMPXCHG_LOCK_MEMv_GPRv+M64+R64,CMPXCHG_LOCK,M64,R64,,1,0,0,0,4,4,2,0,1,0,0,1,0,0,0,0,0,12,29,526
347,CMPXCHG_MEMb_GPR8+M8+R8,CMPXCHG_NOREX,M8,R8,,0,0,0,0,1,2,1,1,1,0,0,0,0,0,0,0,0,0,10,0
348,CMPXCHG_MEMb_GPR8+M8+R8,CMPXCHG_REX,M8,R8,,0,0,0,0,1,2,1,1,1,0,0,0,0,0,0,0,0,0,11,0
349,CMPXCHG_MEMv_GPRv+M16+R16,CMPXCHG,M16,R16,,0,0,0,0,1,2,1,1,1,0,0,0,0,0,0,0,0,0,11,0
350,CMPXCHG_MEMv_GPRv+M32+R32,CMPXCHG,M32,R32,,0,0,0,0,1,2,1,1,1,0,0,0,0,0,0,0,0,0,10,4297073
351,CMPXCHG_MEMv_GPRv+M64+R64,CMPXCHG,M64,R64,,0,0,0,0,1,2,1,1,1,0,0,0,0,0,0,0,0,0,10,0
352,CMP_AL_IMMb+I8,CMP,AL,I8,,0,0,0,0,1,0,0,0,0,0,0,0,0,0,0,0,0,1,1,5270123286
353,CMP_GPR8_GPR8_38+R8+R8,CMP_NOREX_38,R8,R8,,0,0,0,0,1,0,0,0,0,0,0,0,0,0,0,0,0,1,1,14427564047
354,CMP_GPR8_GPR8_38+R8+R8,CMP_REX_38,R8,R8,,0,0,0,0,1,0,0,0,0,0,0,0,0,0,0,0,0,1,1,14427564047
355,CMP_GPR8_GPR8_3A+R8+R8,CMP_NOREX_3A,R8,R8,,0,0,0,0,1,0,0,0,0,0,0,0,0,0,0,0,0,1,1,0
356,CMP_GPR8_GPR8_3A+R8+R8,CMP_REX_3A,R8,R8,,0,0,0,0,1,0,0,0,0,0,0,0,0,0,0,0,0,1,1,0
357,CMP_GPR8_IMMb_80r7+R8+I8,CMP_NOREX,R8,I8,,0,0,0,0,1,0,0,0,0,0,0,0,0,0,0,0,0,1,1,14094472218
358,CMP_GPR8_IMMb_80r7+R8+I8,CMP_REX,R8,I8,,0,0,0,0,1,0,0,0,0,0,0,0,0,0,0,0,0,1,1,14094472218
359,CMP_GPR8_MEMb+R8+M8,CMP_NOREX,R8,M8,,0,0,0,0,1,0,1,0,0,0,0,0,0,0,0,0,0,1,6,2243150831
360,CMP_GPR8_MEMb+R8+M8,CMP_REX,R8,M8,,0,0,0,0,1,0,1,0,0,0,0,0,0,0,0,0,0,1,6,2243150831
361,CMP_GPRv_GPRv_39+R16+R16,CMP_39,R16,R16,,0,0,0,0,1,0,0,0,0,0,0,0,0,0,0,0,0,1,1,1538360408
362,CMP_GPRv_GPRv_39+R32+R32,CMP_39,R32,R32,,0,0,0,0,1,0,0,0,0,0,0,0,0,0,0,0,0,1,1,173224504147
363,CMP_GPRv_GPRv_39+R64+R64,CMP_39,R64,R64,,0,0,0,0,1,0,0,0,0,0,0,0,0,0,0,0,0,1,1,435015910296
364,CMP_GPRv_GPRv_3B+R16+R16,CMP_3B,R16,R16,,0,0,0,0,1,0,0,0,0,0,0,0,0,0,0,0,0,1,1,0
365,CMP_GPRv_GPRv_3B+R32+R32,CMP_3B,R32,R32,,0,0,0,0,1,0,0,0,0,0,0,0,0,0,0,0,0,1,1,0
366,CMP_GPRv_GPRv_3B+R64+R64,CMP_3B,R64,R64,,0,0,0,0,1,0,0,0,0,0,0,0,0,0,0,0,0,1,1,0
367,CMP_GPRv_IMMb+R16+I8,CMP,R16,I8,,0,0,0,0,1,0,0,0,0,0,0,0,0,0,0,0,0,1,1,13042323358
368,CMP_GPRv_IMMb+R32+I8,CMP,R32,I8,,0,0,0,0,1,0,0,0,0,0,0,0,0,0,0,0,0,1,1,195259685009
369,CMP_GPRv_IMMb+R64+I8,CMP,R64,I8,,0,0,0,0,1,0,0,0,0,0,0,0,0,0,0,0,0,1,1,42322832151
370,CMP_GPRv_IMMz+R16+I16,CMP,R16,I16,,0,0,0,0,1,0,0,0,0,0,0,0,0,0,0,0,0,1,1,176679586
371,CMP_GPRv_IMMz+R32+I32,CMP,R32,I32,,0,0,0,0,1,0,0,0,0,0,0,0,0,0,0,0,0,1,1,18545239237
372,CMP_GPRv_IMMz+R64+I32,CMP,R64,I32,,0,0,0,0,1,0,0,0,0,0,0,0,0,0,0,0,0,1,1,2493232233
373,CMP_GPRv_MEMv+R16+M16,CMP,R16,M16,,0,0,0,0,1,0,1,0,0,0,0,0,0,0,0,0,0,1,6,10064120711
374,CMP_GPRv_MEMv+R32+M32,CMP,R32,M32,,0,0,0,0,1,0,1,0,0,0,0,0,0,0,0,0,0,1,6,46719974812
375,CMP_GPRv_MEMv+R64+M64,CMP,R64,M64,,0,0,0,0,1,0,1,0,0,0,0,0,0,0,0,0,0,1,6,119358658136
376,CMP_MEMb_GPR8+M8+R8,CMP_NOREX,M8,R8,,0,0,0,0,1,0,1,0,0,0,0,0,0,0,0,0,0,1,6,3953809926
377,CMP_MEMb_GPR8+M8+R8,CMP_REX,M8,R8,,0,0,0,0,1,0,1,0,0,0,0,0,0,0,0,0,0,1,6,3953809926
378,CMP_MEMb_IMMb_80r7+M8+I8,CMP,M8,I8,,0,0,0,0,1,0,1,0,0,0,0,0,0,0,0,0,0,3,6,34430706974
379,CMP_MEMv_GPRv+M16+R16,CMP,M16,R16,,0,0,0,0,1,0,1,0,0,0,0,0,0,0,0,0,0,1,6,21755291362
380,CMP_MEMv_GPRv+M32+R32,CMP,M32,R32,,0,0,0,0,1,0,1,0,0,0,0,0,0,0,0,0,0,1,6,155672801967
381,CMP_MEMv_GPRv+M64+R64,CMP,M64,R64,,0,0,0,0,1,0,1,0,0,0,0,0,0,0,0,0,0,1,6,69534798922
382,CMP_MEMv_IMMb+M16+I8,CMP,M16,I8,,0,0,0,0,1,0,1,0,0,0,0,0,0,0,0,0,0,3,6,57237535660
383,CMP_MEMv_IMMb+M32+I8,CMP,M32,I8,,0,0,0,0,1,0,1,0,0,0,0,0,0,0,0,0,0,3,6,72745967074
384,CMP_MEMv_IMMb+M64+I8,CMP,M64,I8,,0,0,0,0,1,0,1,0,0,0,0,0,0,0,0,0,0,3,6,17226091334
385,CMP_MEMv_IMMz+M16+I16,CMP,M16,I16,,0,0,0,0,1,0,1,0,0,0,0,0,0,0,0,0,0,3,6,127269411
386,CMP_MEMv_IMMz+M32+I32,CMP,M32,I32,,0,0,0,0,1,0,1,0,0,0,0,0,0,0,0,0,0,3,6,1360054053
387,CMP_MEMv_IMMz+M64+I32,CMP,M64,I32,,0,0,0,0,1,0,1,0,0,0,0,0,0,0,0,0,0,3,6,245756
388,CMP_OrAX_IMMz+I16,CMP,AX,I16,,0,0,0,0,1,0,0,0,0,0,0,0,0,0,0,0,0,1,1,350469532
389,CMP_OrAX_IMMz+I32,CMP,EAX,I32,,0,0,0,0,1,0,0,0,0,0,0,0,0,0,0,0,0,1,1,27955087694
390,CMP_OrAX_IMMz+I32,CMP,RAX,I32,,0,0,0,0,1,0,0,0,0,0,0,0,0,0,0,0,0,1,1,27955087694
391,CWD,CWD,,,,0,0,0,0,1,1,0,0,0,0,0,0,0,0,0,0,0,2,2,0
392,CWDE,CWDE,,,,0,0,0,0,1,0,0,0,0,0,0,0,0,0,0,0,0,1,1,23064029
393,DEC_GPR8+R8,DEC_NOREX,R8,,,0,0,0,0,1,0,0,0,0,0,0,0,0,0,0,0,0,1,1,0
394,DEC_GPR8+R8,DEC_REX,R8,,,0,0,0,0,1,0,0,0,0,0,0,0,0,0,0,0,0,1,1,0
395,DEC_GPRv_FFr1+R16,DEC,R16,,,0,0,0,0,1,0,0,0,0,0,0,0,0,0,0,0,0,1,1,0
396,DEC_GPRv_FFr1+R32,DEC,R32,,,0,0,0,0,1,0,0,0,0,0,0,0,0,0,0,0,0,1,1,99391176
397,DEC_GPRv_FFr1+R64,DEC,R64,,,0,0,0,0,1,0,0,0,0,0,0,0,0,0,0,0,0,1,1,4998098
398,DEC_LOCK_MEMb+M8,DEC_LOCK,M8,,,1,0,0,0,4,2,2,0,1,0,0,0,0,0,0,0,0,15,30,0
399,DEC_LOCK_MEMv+M16,DEC_LOCK,M16,,,1,0,0,0,4,2,2,0,1,0,0,0,0,0,0,0,0,13,30,0
400,DEC_LOCK_MEMv+M32,DEC_LOCK,M32,,,1,0,0,0,4,2,2,0,1,0,0,0,0,0,0,0,0,15,29,526
401,DEC_LOCK_MEMv+M64,DEC_LOCK,M64,,,1,0,0,0,4,2,2,0,1,0,0,0,0,0,0,0,0,15,29,0
402,DEC_MEMb+M8,DEC,M8,,,0,0,0,0,1,0,1,1,1,0,0,0,0,0,0,0,0,3,11,0
403,DEC_MEMv+M16,DEC,M16,,,0,0,0,0,1,0,1,1,1,0,0,0,0,0,0,0,0,3,11,0
404,DEC_MEMv+M32,DEC,M32,,,0,0,0,0,1,0,1,1,1,0,0,0,0,0,0,0,0,3,10,4297073
405,DEC_MEMv+M64,DEC,M64,,,0,0,0,0,1,0,1,1,1,0,0,0,0,0,0,0,0,3,10,0
406,DIV_GPR8+R8,DIV_NOREX,R8,,,0,0,0,0,4,1,0,0,0,0,1,0,4,2,0,0,0,21,25,2062
407,DIV_GPR8+R8,DIV_REX,R8,,,0,0,0,0,4,1,0,0,0,0,1,0,4,2,0,0,0,21,25,2062
408,DIV_GPRv+R16,DIV,R16,,,0,0,0,0,4,1,0,0,0,0,1,0,4,2,0,0,0,21,24,0
409,DIV_GPRv+R32,DIV,R32,,,0,0,0,0,4,1,0,0,0,0,1,0,4,2,0,0,0,23,28,68927005
410,DIV_GPRv+R64,DIV,R64,,,0,0,0,0,7,13,0,0,0,1,1,7,3,2,1,0,0,6,89,720062961
411,DIV_MEMb+M8,DIV,M8,,,0,0,0,0,3,1,1,0,0,0,1,0,4,2,0,0,0,21,30,2062
412,DIV_MEMv+M16,DIV,M16,,,0,0,0,0,4,1,1,0,0,0,1,0,4,2,0,0,0,21,30,0
413,DIV_MEMv+M32,DIV,M32,,,0,0,0,0,4,1,1,0,0,0,1,0,4,2,0,0,0,23,34,917169159
414,DIV_MEMv+M64,DIV,M64,,,0,0,0,0,6,13,1,0,0,1,0,8,3,2,1,0,0,6,95,132803166
415,ENTER_IMMw_IMMb+I16+I8,ENTER_W,I16,I8,,0,0,4,0,4,2,2,0,1,0,0,3,0,0,0,0,0,93,93,0
416,ENTER_IMMw_IMMb+I16+I8,ENTER,I16,I8,,0,0,4,0,4,2,2,0,1,0,0,3,0,0,0,0,0,104,104,0
417,IDIV_GPR8+R8,IDIV_NOREX,R8,,,0,0,0,0,5,1,0,0,0,0,1,0,4,2,0,0,0,22,25,0
418,IDIV_GPR8+R8,IDIV_REX,R8,,,0,0,0,0,5,1,0,0,0,0,1,0,4,2,0,0,0,22,25,0
419,IDIV_GPRv+R16,IDIV,R16,,,0,0,0,0,4,1,0,0,0,0,1,0,4,2,0,0,0,21,24,0
420,IDIV_GPRv+R32,IDIV,R32,,,0,0,0,0,4,1,0,0,0,0,1,0,4,2,0,0,0,23,28,6569889013
421,IDIV_GPRv+R64,IDIV,R64,,,0,0,0,0,0,27,0,0,0,1,5,8,3,2,6,5,0,37,96,390368
422,IDIV_MEMb+M8,IDIV,M8,,,0,0,0,0,3,1,1,0,0,0,1,0,4,2,0,0,0,21,30,0
423,IDIV_MEMv+M16,IDIV,M16,,,0,0,0,0,4,1,1,0,0,0,1,0,4,2,0,0,0,21,30,0
424,IDIV_MEMv+M32,IDIV,M32,,,0,0,0,0,4,1,1,0,0,0,1,0,4,2,0,0,0,23,34,2400915432
425,IDIV_MEMv+M64,IDIV,M64,,,0,0,0,0,0,27,1,0,0,1,4,8,3,2,6,6,0,37,101,191356695
426,IMUL_GPR8+R8,IMUL_NOREX,R8,,,0,0,0,0,0,0,0,0,0,1,0,0,0,0,0,0,0,3,3,0
427,IMUL_GPR8+R8,IMUL_REX,R8,,,0,0,0,0,0,0,0,0,0,1,0,0,0,0,0,0,0,3,3,0
428,IMUL_GPRv+R16,IMUL,R16,,,0,0,0,0,2,1,0,0,0,1,0,0,0,0,0,0,0,4,5,0
429,IMUL_GPRv+R32,IMUL,R32,,,0,0,0,0,1,1,0,0,0,1,0,0,0,0,0,0,0,4,4,5839888117
430,IMUL_GPRv+R64,IMUL,R64,,,0,0,0,0,0,0,0,0,0,1,0,0,1,0,0,0,0,3,4,2286276
431,IMUL_GPRv_GPRv+R16+R16,IMUL,R16,R16,,0,0,0,0,0,0,0,0,0,1,0,0,0,0,0,0,0,3,3,0
432,IMUL_GPRv_GPRv+R32+R32,IMUL,R32,R32,,0,0,0,0,0,0,0,0,0,1,0,0,0,0,0,0,0,3,3,32768713300
433,IMUL_GPRv_GPRv+R64+R64,IMUL,R64,R64,,0,0,0,0,0,0,0,0,0,1,0,0,0,0,0,0,0,3,3,41805596868
434,IMUL_GPRv_GPRv_IMMb+R16+R16+I8,IMUL_IMMB,R16,R16,I8,0,0,0,0,1,0,0,0,0,1,0,0,0,0,0,0,0,3,4,0
435,IMUL_GPRv_GPRv_IMMb+R32+R32+I8,IMUL_IMMB,R32,R32,I8,0,0,0,0,0,0,0,0,0,1,0,0,0,0,0,0,0,3,3,910634175
436,IMUL_GPRv_GPRv_IMMb+R64+R64+I8,IMUL_IMMB,R64,R64,I8,0,0,0,0,0,0,0,0,0,1,0,0,0,0,0,0,0,3,3,431802996
437,IMUL_GPRv_GPRv_IMMz+R16+R16+I16,IMUL_IMMZ,R16,R16,I16,0,0,0,0,1,0,0,0,0,1,0,0,0,0,0,0,0,3,4,0
438,IMUL_GPRv_GPRv_IMMz+R32+R32+I32,IMUL_IMMZ,R32,R32,I32,0,0,0,0,0,0,0,0,0,1,0,0,0,0,0,0,0,3,3,31473862
439,IMUL_GPRv_GPRv_IMMz+R64+R64+I32,IMUL_IMMZ,R64,R64,I32,0,0,0,0,0,0,0,0,0,1,0,0,0,0,0,0,0,3,3,84434332
440,IMUL_GPRv_MEMv+R16+M16,IMUL,R16,M16,,0,0,0,0,0,0,1,0,0,1,0,0,0,0,0,0,0,3,8,15943
441,IMUL_GPRv_MEMv+R32+M32,IMUL,R32,M32,,0,0,0,0,0,0,1,0,0,1,0,0,0,0,0,0,0,3,8,4314903368
442,IMUL_GPRv_MEMv+R64+M64,IMUL,R64,M64,,0,0,0,0,0,0,1,0,0,1,0,0,0,0,0,0,0,3,8,36455401032
443,IMUL_GPRv_MEMv_IMMb+R16+M16+I8,IMUL,R16,M16,I8,0,0,0,0,1,0,1,0,0,1,0,0,0,0,0,0,0,5,9,0
444,IMUL_GPRv_MEMv_IMMb+R32+M32+I8,IMUL,R32,M32,I8,0,0,0,0,0,0,1,0,0,1,0,0,0,0,0,0,0,5,8,62085
445,IMUL_GPRv_MEMv_IMMb+R64+M64+I8,IMUL,R64,M64,I8,0,0,0,0,0,0,1,0,0,1,0,0,0,0,0,0,0,5,8,680944
446,IMUL_GPRv_MEMv_IMMz+R16+M16+I16,IMUL,R16,M16,I16,0,0,0,0,1,0,1,0,0,1,0,0,0,0,0,0,0,5,9,0
447,IMUL_GPRv_MEMv_IMMz+R32+M32+I32,IMUL,R32,M32,I32,0,0,0,0,0,0,1,0,0,1,0,0,0,0,0,0,0,5,8,3617232404
448,IMUL_GPRv_MEMv_IMMz+R64+M64+I32,IMUL,R64,M64,I32,0,0,0,0,0,0,1,0,0,1,0,0,0,0,0,0,0,5,8,30982960
449,IMUL_MEMb+M8,IMUL,M8,,,0,0,0,0,0,0,1,0,0,1,0,0,0,0,0,0,0,3,8,0
450,IMUL_MEMv+M16,IMUL,M16,,,0,0,0,0,2,1,1,0,0,1,0,0,0,0,0,0,0,4,10,0
451,IMUL_MEMv+M32,IMUL,M32,,,0,0,0,0,1,1,1,0,0,1,0,0,0,0,0,0,0,4,9,0
452,IMUL_MEMv+M64,IMUL,M64,,,0,0,0,0,0,0,1,0,0,1,0,0,1,0,0,0,0,3,9,0
453,INC_GPR8+R8,INC_NOREX,R8,,,0,0,0,0,1,0,0,0,0,0,0,0,0,0,0,0,0,1,1,0
454,INC_GPR8+R8,INC_REX,R8,,,0,0,0,0,1,0,0,0,0,0,0,0,0,0,0,0,0,1,1,0
455,INC_GPRv_FFr0+R16,INC,R16,,,0,0,0,0,1,0,0,0,0,0,0,0,0,0,0,0,0,1,1,0
456,INC_GPRv_FFr0+R32,INC,R32,,,0,0,0,0,1,0,0,0,0,0,0,0,0,0,0,0,0,1,1,1121822632
457,INC_GPRv_FFr0+R64,INC,R64,,,0,0,0,0,1,0,0,0,0,0,0,0,0,0,0,0,0,1,1,9452472432
458,INC_LOCK_MEMb+M8,INC_LOCK,M8,,,1,0,0,0,4,2,2,0,1,0,0,0,0,0,0,0,0,15,30,0
459,INC_LOCK_MEMv+M16,INC_LOCK,M16,,,1,0,0,0,4,2,2,0,1,0,0,0,0,0,0,0,0,15,30,0
460,INC_LOCK_MEMv+M32,INC_LOCK,M32,,,1,0,0,0,4,2,2,0,1,0,0,0,0,0,0,0,0,13,29,0
461,INC_LOCK_MEMv+M64,INC_LOCK,M64,,,1,0,0,0,4,2,2,0,1,0,0,0,0,0,0,0,0,15,29,0
462,INC_MEMb+M8,INC,M8,,,0,0,0,0,1,0,1,1,1,0,0,0,0,0,0,0,0,3,11,0
463,INC_MEMv+M16,INC,M16,,,0,0,0,0,1,0,1,1,1,0,0,0,0,0,0,0,0,3,11,0
464,INC_MEMv+M32,INC,M32,,,0,0,0,0,1,0,1,1,1,0,0,0,0,0,0,0,0,3,10,106225416
465,INC_MEMv+M64,INC,M64,,,0,0,0,0,1,0,1,1,1,0,0,0,0,0,0,0,0,3,10,121898518
466,LAHF,LAHF,,,,0,0,0,0,0,1,0,0,0,0,0,0,0,0,0,0,0,0,0,0
467,LAR_GPRv_GPRv+R16+R16,LAR,R16,R16,,0,0,1,0,1,11,2,0,0,3,0,6,0,1,0,0,0,37,57,0
468,LAR_GPRv_GPRv+R32+R32,LAR,R32,R32,,0,0,1,0,1,11,2,0,0,3,0,6,0,1,0,0,0,37,56,0
469,LAR_GPRv_GPRv+R64+R64,LAR,R64,R64,,0,0,1,0,1,11,2,0,0,3,0,6,0,1,0,0,0,37,56,0
470,LAR_GPRv_MEMw+R16+M16,LAR,R16,M16,,0,0,1,0,0,12,3,0,0,3,0,6,0,1,0,0,0,38,63,0
471,LAR_GPRv_MEMw+R32+M16,LAR,R32,M16,,0,0,1,0,0,12,3,0,0,3,0,6,0,1,0,0,0,38,63,0
472,LAR_GPRv_MEMw+R64+M16,LAR,R64,M16,,0,0,1,0,0,12,3,0,0,3,0,6,0,1,0,0,0,38,63,0
473,LODSB,LODSB,,,,0,0,0,0,2,0,1,0,0,0,0,0,0,0,0,0,0,3,6,0
474,LODSD,LODSD,,,,0,0,0,0,1,0,1,0,0,0,0,0,0,0,0,0,0,2,5,0
475,LODSW,LODSW,,,,0,0,0,0,2,0,1,0,0,0,0,0,0,0,0,0,0,3,6,0
476,LOOPE_RELBRb+Rel8,LOOPE,Rel8,,,0,0,0,0,4,6,0,0,0,1,0,1,0,0,0,0,0,2,3,0
477,LOOPNE_RELBRb+Rel8,LOOPNE,Rel8,,,0,0,0,0,4,6,0,0,0,1,0,1,0,0,0,0,0,2,3,0
478,LOOP_RELBRb+Rel8,LOOP,Rel8,,,0,0,0,0,3,4,0,0,0,1,0,0,0,0,0,0,0,2,2,0
479,LSL_GPRv_GPRz+R16+R16,LSL,R16,R16,,0,0,1,0,3,6,2,0,0,3,0,1,0,1,0,0,0,35,55,0
480,LSL_GPRv_GPRz+R32+R32,LSL,R32,R32,,0,0,1,0,3,6,2,0,0,3,0,1,0,1,0,0,0,36,54,0
481,LSL_GPRv_GPRz+R64+R32,LSL,R64,R32,,0,0,1,0,3,6,2,0,0,3,0,1,0,1,0,0,0,35,54,0
482,LSL_GPRv_MEMw+R16+M16,LSL,R16,M16,,0,0,1,0,0,7,3,0,0,3,0,0,0,1,0,0,0,37,61,0
483,LSL_GPRv_MEMw+R32+M16,LSL,R32,M16,,0,0,1,0,0,7,3,0,0,3,0,0,0,1,0,0,0,39,61,0
484,LSL_GPRv_MEMw+R64+M16,LSL,R64,M16,,0,0,1,0,0,7,3,0,0,3,0,0,0,1,0,0,0,39,60,0
485,MOVSB,MOVSB,,,,0,0,0,0,2,0,2,0,1,0,0,0,0,0,0,0,0,6,6,124340
486,MOVSD,MOVSD,,,,0,0,0,0,2,0,2,0,1,0,0,0,0,0,0,0,0,5,5,0
487,MOVSW,MOVSW,,,,0,0,0,0,2,0,2,0,1,0,0,0,0,0,0,0,0,6,6,0
488,MOVSX_GPRv_GPR16+R32+R16,MOVSX,R32,R16,,0,0,0,0,1,0,0,0,0,0,0,0,0,0,0,0,0,1,1,63262713
489,MOVSX_GPRv_GPR16+R64+R16,MOVSX,R64,R16,,0,0,0,0,1,0,0,0,0,0,0,0,0,0,0,0,0,1,1,14601093
490,MOVSX_GPRv_GPR8+R16+R8,MOVSX_NOREX,R16,R8,,0,0,0,0,1,0,0,0,0,0,0,0,0,0,0,0,0,1,1,59
491,MOVSX_GPRv_GPR8+R16+R8,MOVSX_REX,R16,R8,,0,0,0,0,1,0,0,0,0,0,0,0,0,0,0,0,0,1,1,59
492,MOVSX_GPRv_GPR8+R32+R8,MOVSX_NOREX,R32,R8,,0,0,0,0,1,0,0,0,0,0,0,0,0,0,0,0,0,1,1,124517229
493,MOVSX_GPRv_GPR8+R32+R8,MOVSX_REX,R32,R8,,0,0,0,0,1,0,0,0,0,0,0,0,0,0,0,0,0,1,1,124517229
494,MOVSX_GPRv_GPR8+R64+R8,MOVSX_REX,R64,R8,,0,0,0,0,1,0,0,0,0,0,0,0,0,0,0,0,0,1,1,245525232
495,MOVSX_GPRv_MEMb+R16+M8,MOVSX,R16,M8,,0,0,0,0,1,0,1,0,0,0,0,0,0,0,0,0,0,3,6,198105
496,MOVSX_GPRv_MEMb+R32+M8,MOVSX,R32,M8,,0,0,0,0,0,0,1,0,0,0,0,0,0,0,0,0,0,4,5,2652319754
497,MOVSX_GPRv_MEMb+R64+M8,MOVSX,R64,M8,,0,0,0,0,0,0,1,0,0,0,0,0,0,0,0,0,0,4,5,1024503928
498,MOVSX_GPRv_MEMw+R32+M16,MOVSX,R32,M16,,0,0,0,0,0,0,1,0,0,0,0,0,0,0,0,0,0,4,5,14098943231
499,MOVSX_GPRv_MEMw+R64+M16,MOVSX,R64,M16,,0,0,0,0,0,0,1,0,0,0,0,0,0,0,0,0,0,4,5,231406988
500,MOVZX_GPRv_GPR16+R32+R16,MOVZX,R32,R16,,0,0,0,0,1,0,0,0,0,0,0,0,0,0,0,0,0,1,1,35911185952
501,MOVZX_GPRv_GPR16+R64+R16,MOVZX,R64,R16,,0,0,0,0,1,0,0,0,0,0,0,0,0,0,0,0,0,1,1,0
502,MOVZX_GPRv_GPR8+R16+R8,MOVZX_NOREX,R16,R8,,0,0,0,0,1,0,0,0,0,0,0,0,0,0,0,0,0,1,1,0
503,MOVZX_GPRv_GPR8+R16+R8,MOVZX_REX,R16,R8,,0,0,0,0,1,0,0,0,0,0,0,0,0,0,0,0,0,1,1,0
504,MOVZX_GPRv_GPR8+R32+R8,MOVZX_NOREX,R32,R8,,0,0,0,0,0,0,0,0,0,0,0,0,0,0,0,0,0,0,0,52510007256
505,MOVZX_GPRv_GPR8+R32+R8,MOVZX_REX,R32,R8,,0,0,0,0,0,0,0,0,0,0,0,0,0,0,0,0,0,0,0,52510007256
506,MOVZX_GPRv_GPR8+R64+R8,MOVZX_REX,R64,R8,,0,0,0,0,0,0,0,0,0,0,0,0,0,0,0,0,0,0,0,0
507,MOVZX_GPRv_MEMb+R16+M8,MOVZX,R16,M8,,0,0,0,0,1,0,1,0,0,0,0,0,0,0,0,0,0,3,6,0
508,MOVZX_GPRv_MEMb+R32+M8,MOVZX,R32,M8,,0,0,0,0,0,0,1,0,0,0,0,0,0,0,0,0,0,2,5,99365228120
509,MOVZX_GPRv_MEMb+R64+M8,MOVZX,R64,M8,,0,0,0,0,0,0,1,0,0,0,0,0,0,0,0,0,0,2,5,0
510,MOVZX_GPRv_MEMw+R32+M16,MOVZX,R32,M16,,0,0,0,0,0,0,1,0,0,0,0,0,0,0,0,0,0,2,5,246262385604
511,MOVZX_GPRv_MEMw+R64+M16,MOVZX,R64,M16,,0,0,0,0,0,0,1,0,0,0,0,0,0,0,0,0,0,2,5,0
512,MOV_DR_DR_GPR64+R64+R64,MOV_DR,DR,R64,,0,0,6,0,0,24,0,0,2,4,1,10,9,4,0,1,0,207,207,0
513,MOV_DR_GPR64_DR+R64+R64,MOV_DR,R64,DR,,0,0,6,0,0,16,0,0,0,0,0,11,3,0,2,0,0,172,172,0
514,MOV_GPR8_GPR8_88+R8+R8,MOV_NOREX_88,R8,R8,,0,0,0,0,1,0,0,0,0,0,0,0,0,0,0,0,0,1,1,115927
515,MOV_GPR8_GPR8_88+R8+R8,MOV_REX_88,R8,R8,,0,0,0,0,1,0,0,0,0,0,0,0,0,0,0,0,0,1,1,115927
516,MOV_GPR8_GPR8_8A+R8+R8,MOV_NOREX_8A,R8,R8,,0,0,0,0,1,0,0,0,0,0,0,0,0,0,0,0,0,1,1,0
517,MOV_GPR8_GPR8_8A+R8+R8,MOV_REX_8A,R8,R8,,0,0,0,0,1,0,0,0,0,0,0,0,0,0,0,0,0,1,1,0
518,MOV_GPR8_MEMb+R8+M8,MOV_NOREX,R8,M8,,0,0,0,0,1,0,1,0,0,0,0,0,0,0,0,0,0,3,6,26082153
519,MOV_GPR8_MEMb+R8+M8,MOV_REX,R8,M8,,0,0,0,0,1,0,1,0,0,0,0,0,0,0,0,0,0,3,6,26082153
520,MOV_GPR8_MEMb+R8+M8,MOV,AL,M8,,0,0,0,0,1,0,1,0,0,0,0,0,0,0,0,0,0,3,6,26082153
521,MOV_GPRv_GPRv_89+R16+R16,MOV_89,R16,R16,,0,0,0,0,1,0,0,0,0,0,0,0,0,0,0,0,0,1,1,0
522,MOV_GPRv_GPRv_89+R32+R32,MOV_89,R32,R32,,0,0,0,0,0,0,0,0,0,0,0,0,0,0,0,0,0,0,1,419389616938
523,MOV_GPRv_GPRv_89+R64+R64,MOV_89,R64,R64,,0,0,0,0,0,0,0,0,0,0,0,0,0,0,0,0,0,0,1,560661338809
524,MOV_GPRv_GPRv_8B+R16+R16,MOV_8B,R16,R16,,0,0,0,0,1,0,0,0,0,0,0,0,0,0,0,0,0,1,1,0
525,MOV_GPRv_GPRv_8B+R32+R32,MOV_8B,R32,R32,,0,0,0,0,0,0,0,0,0,0,0,0,0,0,0,0,0,0,1,0
526,MOV_GPRv_GPRv_8B+R64+R64,MOV_8B,R64,R64,,0,0,0,0,0,0,0,0,0,0,0,0,0,0,0,0,0,0,1,0
527,MOV_GPRv_MEMv+R16+M16,MOV,R16,M16,,0,0,0,0,1,0,1,0,0,0,0,0,0,0,0,0,0,3,6,132513293
528,MOV_GPRv_MEMv+R16+M16,MOV,AX,M16,,0,0,0,0,1,0,1,0,0,0,0,0,0,0,0,0,0,3,6,132513293
529,MOV_GPRv_MEMv+R32+M32,MOV,R32,M32,,0,0,0,0,0,0,1,0,0,0,0,0,0,0,0,0,0,2,5,687704036259
530,MOV_GPRv_MEMv+R32+M32,MOV,EAX,M32,,0,0,0,0,0,0,1,0,0,0,0,0,0,0,0,0,0,2,5,687704036259
531,MOV_GPRv_MEMv+R64+M64,MOV,R64,M64,,0,0,0,0,0,0,1,0,0,0,0,0,0,0,0,0,0,2,5,1269386656309
532,MOV_GPRv_MEMv+R64+M64,MOV,RAX,M64,,0,0,0,0,0,0,1,0,0,0,0,0,0,0,0,0,0,2,5,1269386656309
533,MOV_MEMb_GPR8+M8+R8,MOV_NOREX,M8,R8,,0,0,0,0,0,0,0,1,1,0,0,0,0,0,0,0,0,3,11,15966611377
534,MOV_MEMb_GPR8+M8+R8,MOV_REX,M8,R8,,0,0,0,0,0,0,0,1,1,0,0,0,0,0,0,0,0,3,11,15966611377
535,MOV_MEMb_GPR8+M8+R8,MOV,M8,AL,,0,0,0,0,0,0,0,1,1,0,0,0,0,0,0,0,0,3,11,15966611377
536,MOV_MEMb_IMMb+M8+I8,MOV,M8,I8,,0,0,0,0,0,0,0,1,1,0,0,0,0,0,0,0,0,11,11,20049471134
537,MOV_MEMv_GPRv+M16+R16,MOV,M16,R16,,0,0,0,0,0,0,0,1,1,0,0,0,0,0,0,0,0,3,11,79068103748
538,MOV_MEMv_GPRv+M16+R16,MOV,M16,AX,,0,0,0,0,0,0,0,1,1,0,0,0,0,0,0,0,0,3,11,79068103748
539,MOV_MEMv_GPRv+M32+R32,MOV,M32,R32,,0,0,0,0,0,0,0,1,1,0,0,0,0,0,0,0,0,2,10,271911165435
540,MOV_MEMv_GPRv+M32+R32,MOV,M32,EAX,,0,0,0,0,0,0,0,1,1,0,0,0,0,0,0,0,0,2,10,271911165435
541,MOV_MEMv_GPRv+M64+R64,MOV,M64,R64,,0,0,0,0,0,0,0,1,1,0,0,0,0,0,0,0,0,2,10,389174544188
542,MOV_MEMv_GPRv+M64+R64,MOV,M64,RAX,,0,0,0,0,0,0,0,1,1,0,0,0,0,0,0,0,0,2,10,389174544188
543,MOV_MEMv_IMMz+M16+I16,MOV,M16,I16,,0,0,0,0,0,0,0,1,1,0,0,0,0,0,0,0,0,11,11,16282
544,MOV_MEMv_IMMz+M32+I32,MOV,M32,I32,,0,0,0,0,0,0,0,1,1,0,0,0,0,0,0,0,0,10,10,39233430209
545,MOV_MEMv_IMMz+M64+I32,MOV,M64,I32,,0,0,0,0,0,0,0,1,1,0,0,0,0,0,0,0,0,10,10,53591125097
546,MOV_MEMw_SEG+M16+R16,MOV,M16,SEG,,0,0,0,0,0,0,0,1,1,1,0,0,0,0,0,0,0,11,11,0
547,MUL_GPR8+R8,MUL_NOREX,R8,,,0,0,0,0,0,0,0,0,0,1,0,0,0,0,0,0,0,3,3,957
548,MUL_GPR8+R8,MUL_REX,R8,,,0,0,0,0,0,0,0,0,0,1,0,0,0,0,0,0,0,3,3,957
549,MUL_GPRv+R16,MUL,R16,,,0,0,0,0,2,1,0,0,0,1,0,0,0,0,0,0,0,4,5,0
550,MUL_GPRv+R32,MUL,R32,,,0,0,0,0,1,1,0,0,0,1,0,0,0,0,0,0,0,4,4,31669517
551,MUL_GPRv+R64,MUL,R64,,,0,0,0,0,0,0,0,0,0,1,0,0,1,0,0,0,0,3,4,19552139
552,MUL_MEMb+M8,MUL,M8,,,0,0,0,0,0,0,1,0,0,1,0,0,0,0,0,0,0,3,8,0
553,MUL_MEMv+M16,MUL,M16,,,0,0,0,0,2,1,1,0,0,1,0,0,0,0,0,0,0,4,10,0
554,MUL_MEMv+M32,MUL,M32,,,0,0,0,0,1,1,1,0,0,1,0,0,0,0,0,0,0,4,9,1097496
555,MUL_MEMv+M64,MUL,M64,,,0,0,0,0,0,0,1,0,0,1,0,0,1,0,0,0,0,3,9,0
556,NEG_GPR8+R8,NEG_NOREX,R8,,,0,0,0,0,1,0,0,0,0,0,0,0,0,0,0,0,0,1,1,0
557,NEG_GPR8+R8,NEG_REX,R8,,,0,0,0,0,1,0,0,0,0,0,0,0,0,0,0,0,0,1,1,0
558,NEG_GPRv+R16,NEG,R16,,,0,0,0,0,1,0,0,0,0,0,0,0,0,0,0,0,0,1,1,0
559,NEG_GPRv+R32,NEG,R32,,,0,0,0,0,1,0,0,0,0,0,0,0,0,0,0,0,0,1,1,5498394440
560,NEG_GPRv+R64,NEG,R64,,,0,0,0,0,1,0,0,0,0,0,0,0,0,0,0,0,0,1,1,2558047835
561,NEG_LOCK_MEMb+M8,NEG_LOCK,M8,,,1,0,0,0,4,2,2,0,1,0,0,0,0,0,0,0,0,15,30,0
562,NEG_LOCK_MEMv+M16,NEG_LOCK,M16,,,1,0,0,0,4,2,2,0,1,0,0,0,0,0,0,0,0,15,30,0
563,NEG_LOCK_MEMv+M32,NEG_LOCK,M32,,,1,0,0,0,4,2,2,0,1,0,0,0,0,0,0,0,0,15,29,0
564,NEG_LOCK_MEMv+M64,NEG_LOCK,M64,,,1,0,0,0,4,2,2,0,1,0,0,0,0,0,0,0,0,15,29,0
565,NEG_MEMb+M8,NEG,M8,,,0,0,0,0,1,0,1,1,1,0,0,0,0,0,0,0,0,3,11,0
566,NEG_MEMv+M16,NEG,M16,,,0,0,0,0,1,0,1,1,1,0,0,0,0,0,0,0,0,3,11,0
567,NEG_MEMv+M32,NEG,M32,,,0,0,0,0,1,0,1,1,1,0,0,0,0,0,0,0,0,3,10,920
568,NEG_MEMv+M64,NEG,M64,,,0,0,0,0,1,0,1,1,1,0,0,0,0,0,0,0,0,3,10,7141013
569,NOT_GPR8+R8,NOT_NOREX,R8,,,0,0,0,0,1,0,0,0,0,0,0,0,0,0,0,0,0,1,1,0
570,NOT_GPR8+R8,NOT_REX,R8,,,0,0,0,0,1,0,0,0,0,0,0,0,0,0,0,0,0,1,1,0
571,NOT_GPRv+R16,NOT,R16,,,0,0,0,0,1,0,0,0,0,0,0,0,0,0,0,0,0,1,1,0
572,NOT_GPRv+R32,NOT,R32,,,0,0,0,0,1,0,0,0,0,0,0,0,0,0,0,0,0,1,1,701700288
573,NOT_GPRv+R64,NOT,R64,,,0,0,0,0,1,0,0,0,0,0,0,0,0,0,0,0,0,1,1,3911119932
574,NOT_LOCK_MEMb+M8,NOT_LOCK,M8,,,1,0,0,0,4,2,2,0,1,0,0,0,0,0,0,0,0,18,30,0
575,NOT_LOCK_MEMv+M16,NOT_LOCK,M16,,,1,0,0,0,4,2,2,0,1,0,0,0,0,0,0,0,0,18,30,0
576,NOT_LOCK_MEMv+M32,NOT_LOCK,M32,,,1,0,0,0,4,2,2,0,1,0,0,0,0,0,0,0,0,18,29,0
577,NOT_LOCK_MEMv+M64,NOT_LOCK,M64,,,1,0,0,0,4,2,2,0,1,0,0,0,0,0,0,0,0,18,29,0
578,NOT_MEMb+M8,NOT,M8,,,0,0,0,0,1,0,1,1,1,0,0,0,0,0,0,0,0,4,11,8
579,NOT_MEMv+M16,NOT,M16,,,0,0,0,0,1,0,1,1,1,0,0,0,0,0,0,0,0,4,11,0
580,NOT_MEMv+M32,NOT,M32,,,0,0,0,0,1,0,1,1,1,0,0,0,0,0,0,0,0,4,10,0
581,NOT_MEMv+M64,NOT,M64,,,0,0,0,0,1,0,1,1,1,0,0,0,0,0,0,0,0,4,10,8
582,OR_AL_IMMb+I8,OR,AL,I8,,0,0,0,0,1,0,0,0,0,0,0,0,0,0,0,0,0,1,1,96424
583,OR_GPR8_GPR8_08+R8+R8,OR_NOREX_08,R8,R8,,0,0,0,0,1,0,0,0,0,0,0,0,0,0,0,0,0,1,1,521508502
584,OR_GPR8_GPR8_08+R8+R8,OR_REX_08,R8,R8,,0,0,0,0,1,0,0,0,0,0,0,0,0,0,0,0,0,1,1,521508502
585,OR_GPR8_GPR8_0A+R8+R8,OR_NOREX_0A,R8,R8,,0,0,0,0,1,0,0,0,0,0,0,0,0,0,0,0,0,1,1,0
586,OR_GPR8_GPR8_0A+R8+R8,OR_REX_0A,R8,R8,,0,0,0,0,1,0,0,0,0,0,0,0,0,0,0,0,0,1,1,0
587,OR_GPR8_IMMb_80r1+R8+I8,OR_NOREX,R8,I8,,0,0,0,0,1,0,0,0,0,0,0,0,0,0,0,0,0,1,1,474897547
588,OR_GPR8_IMMb_80r1+R8+I8,OR_REX,R8,I8,,0,0,0,0,1,0,0,0,0,0,0,0,0,0,0,0,0,1,1,474897547
589,OR_GPR8_MEMb+R8+M8,OR_NOREX,R8,M8,,0,0,0,0,1,0,1,0,0,0,0,0,0,0,0,0,0,1,6,58139044
590,OR_GPR8_MEMb+R8+M8,OR_REX,R8,M8,,0,0,0,0,1,0,1,0,0,0,0,0,0,0,0,0,0,1,6,58139044
591,OR_GPRv_GPRv_09+R16+R16,OR_09,R16,R16,,0,0,0,0,1,0,0,0,0,0,0,0,0,0,0,0,0,1,1,2259017
592,OR_GPRv_GPRv_09+R32+R32,OR_09,R32,R32,,0,0,0,0,1,0,0,0,0,0,0,0,0,0,0,0,0,1,1,56629581762
593,OR_GPRv_GPRv_09+R64+R64,OR_09,R64,R64,,0,0,0,0,1,0,0,0,0,0,0,0,0,0,0,0,0,1,1,26539726188
594,OR_GPRv_GPRv_0B+R16+R16,OR_0B,R16,R16,,0,0,0,0,1,0,0,0,0,0,0,0,0,0,0,0,0,1,1,0
595,OR_GPRv_GPRv_0B+R32+R32,OR_0B,R32,R32,,0,0,0,0,1,0,0,0,0,0,0,0,0,0,0,0,0,1,1,0
596,OR_GPRv_GPRv_0B+R64+R64,OR_0B,R64,R64,,0,0,0,0,1,0,0,0,0,0,0,0,0,0,0,0,0,1,1,0
597,OR_GPRv_IMMb+R16+I8,OR,R16,I8,,0,0,0,0,1,0,0,0,0,0,0,0,0,0,0,0,0,1,1,0
598,OR_GPRv_IMMb+R32+I8,OR,R32,I8,,0,0,0,0,1,0,0,0,0,0,0,0,0,0,0,0,0,1,1,670774816
599,OR_GPRv_IMMb+R64+I8,OR,R64,I8,,0,0,0,0,1,0,0,0,0,0,0,0,0,0,0,0,0,1,1,488923615
600,OR_GPRv_IMMz+R16+I16,OR,R16,I16,,0,0,0,0,1,0,0,0,0,0,0,0,0,0,0,0,0,1,1,3253
601,OR_GPRv_IMMz+R32+I32,OR,R32,I32,,0,0,0,0,1,0,0,0,0,0,0,0,0,0,0,0,0,1,1,432848606
602,OR_GPRv_IMMz+R64+I32,OR,R64,I32,,0,0,0,0,1,0,0,0,0,0,0,0,0,0,0,0,0,1,1,1175433319
603,OR_GPRv_MEMv+R16+M16,OR,R16,M16,,0,0,0,0,1,0,1,0,0,0,0,0,0,0,0,0,0,1,6,2117
604,OR_GPRv_MEMv+R32+M32,OR,R32,M32,,0,0,0,0,1,0,1,0,0,0,0,0,0,0,0,0,0,1,6,4120468563
605,OR_GPRv_MEMv+R64+M64,OR,R64,M64,,0,0,0,0,1,0,1,0,0,0,0,0,0,0,0,0,0,1,6,18677070183
606,OR_LOCK_MEMb_GPR8+M8+R8,OR_LOCK_NOREX,M8,R8,,1,0,0,0,4,2,2,0,1,0,0,0,0,0,0,0,0,12,30,0
607,OR_LOCK_MEMb_GPR8+M8+R8,OR_LOCK_REX,M8,R8,,1,0,0,0,4,2,2,0,1,0,0,0,0,0,0,0,0,12,30,0
608,OR_LOCK_MEMb_IMMb_80r1+M8+I8,OR_LOCK,M8,I8,,1,0,0,0,4,2,2,0,1,0,0,0,0,0,0,0,0,15,30,0
609,OR_LOCK_MEMv_GPRv+M16+R16,OR_LOCK,M16,R16,,1,0,0,0,4,2,2,0,1,0,0,0,0,0,0,0,0,12,30,0
610,OR_LOCK_MEMv_GPRv+M32+R32,OR_LOCK,M32,R32,,1,0,0,0,4,2,2,0,1,0,0,0,0,0,0,0,0,12,29,0
611,OR_LOCK_MEMv_GPRv+M64+R64,OR_LOCK,M64,R64,,1,0,0,0,4,2,2,0,1,0,0,0,0,0,0,0,0,12,29,0
612,OR_LOCK_MEMv_IMMb+M16+I8,OR_LOCK,M16,I8,,1,0,0,0,4,2,2,0,1,0,0,0,0,0,0,0,0,15,30,0
613,OR_LOCK_MEMv_IMMb+M32+I8,OR_LOCK,M32,I8,,1,0,0,0,4,2,2,0,1,0,0,0,0,0,0,0,0,15,29,0
614,OR_LOCK_MEMv_IMMb+M64+I8,OR_LOCK,M64,I8,,1,0,0,0,4,2,2,0,1,0,0,0,0,0,0,0,0,15,29,0
615,OR_LOCK_MEMv_IMMz+M16+I16,OR_LOCK,M16,I16,,1,0,0,0,4,2,2,0,1,0,0,0,0,0,0,0,0,15,30,0
616,OR_LOCK_MEMv_IMMz+M32+I32,OR_LOCK,M32,I32,,1,0,0,0,4,2,2,0,1,0,0,0,0,0,0,0,0,15,29,0
617,OR_LOCK_MEMv_IMMz+M64+I32,OR_LOCK,M64,I32,,1,0,0,0,4,2,2,0,1,0,0,0,0,0,0,0,0,15,29,0
618,OR_MEMb_GPR8+M8+R8,OR_NOREX,M8,R8,,0,0,0,0,1,0,1,1,1,0,0,0,0,0,0,0,0,1,11,1622008
619,OR_MEMb_GPR8+M8+R8,OR_REX,M8,R8,,0,0,0,0,1,0,1,1,1,0,0,0,0,0,0,0,0,1,11,1622008
620,OR_MEMb_IMMb_80r1+M8+I8,OR,M8,I8,,0,0,0,0,1,0,1,1,1,0,0,0,0,0,0,0,0,3,11,44102385
621,OR_MEMv_GPRv+M16+R16,OR,M16,R16,,0,0,0,0,1,0,1,1,1,0,0,0,0,0,0,0,0,1,11,5675893
622,OR_MEMv_GPRv+M32+R32,OR,M32,R32,,0,0,0,0,1,0,1,1,1,0,0,0,0,0,0,0,0,1,10,152145280
623,OR_MEMv_GPRv+M64+R64,OR,M64,R64,,0,0,0,0,1,0,1,1,1,0,0,0,0,0,0,0,0,1,10,811362224
624,OR_MEMv_IMMb+M16+I8,OR,M16,I8,,0,0,0,0,1,0,1,1,1,0,0,0,0,0,0,0,0,3,11,1647415
625,OR_MEMv_IMMb+M32+I8,OR,M32,I8,,0,0,0,0,1,0,1,1,1,0,0,0,0,0,0,0,0,3,10,14049002
626,OR_MEMv_IMMb+M64+I8,OR,M64,I8,,0,0,0,0,1,0,1,1,1,0,0,0,0,0,0,0,0,3,10,186560551
627,OR_MEMv_IMMz+M16+I16,OR,M16,I16,,0,0,0,0,1,0,1,1,1,0,0,0,0,0,0,0,0,3,11,40089
628,OR_MEMv_IMMz+M32+I32,OR,M32,I32,,0,0,0,0,1,0,1,1,1,0,0,0,0,0,0,0,0,3,10,94032839
629,OR_MEMv_IMMz+M64+I32,OR,M64,I32,,0,0,0,0,1,0,1,1,1,0,0,0,0,0,0,0,0,3,10,0
630,OR_OrAX_IMMz+I16,OR,AX,I16,,0,0,0,0,1,0,0,0,0,0,0,0,0,0,0,0,0,1,1,194296
631,OR_OrAX_IMMz+I32,OR,EAX,I32,,0,0,0,0,1,0,0,0,0,0,0,0,0,0,0,0,0,1,1,481885341
632,OR_OrAX_IMMz+I32,OR,RAX,I32,,0,0,0,0,1,0,0,0,0,0,0,0,0,0,0,0,0,1,1,481885341
633,POP_GPRv_58+R16,POP,R16,,,0,0,0,0,1,0,1,0,0,0,0,0,0,0,0,0,0,3,6,0
634,POP_GPRv_58+R64,POP,R64,,,0,0,0,0,0,0,1,0,0,0,0,0,0,0,0,0,0,2,5,281698289239
635,POP_MEMv+M16,POP,M16,,,0,0,0,0,0,0,1,1,1,0,0,0,0,0,0,0,0,11,11,0
636,POP_MEMv+M64,POP,M64,,,0,0,0,0,0,0,1,1,1,0,0,0,0,0,0,0,0,10,10,0
637,PUSHF,PUSHF,,,,0,0,0,0,0,1,0,1,1,1,0,0,0,0,0,0,0,7,12,0
638,PUSH_FS,PUSH_W,FS,,,0,0,0,0,0,0,0,1,1,1,0,0,0,0,0,0,0,12,12,0
639,PUSH_FS,PUSH,FS,,,0,0,0,0,0,0,0,1,1,1,0,0,0,0,0,0,0,11,11,0
640,PUSH_GPRv_50+R16,PUSH,R16,,,0,0,0,0,0,0,0,1,1,0,0,0,0,0,0,0,0,3,12,0
641,PUSH_GPRv_50+R64,PUSH,R64,,,0,0,0,0,0,0,0,1,1,0,0,0,0,0,0,0,0,2,11,284693301129
642,PUSH_GS,PUSH_W,GS,,,0,0,0,0,0,0,0,1,1,1,0,0,0,0,0,0,0,12,12,0
643,PUSH_GS,PUSH,GS,,,0,0,0,0,0,0,0,1,1,1,0,0,0,0,0,0,0,11,11,0
644,PUSH_IMMb+I8,PUSH_W,I8,,,0,0,0,0,0,0,0,1,1,0,0,0,0,0,0,0,0,12,12,1667951539
645,PUSH_IMMb+I8,PUSH,I8,,,0,0,0,0,0,0,0,1,1,0,0,0,0,0,0,0,0,11,11,1667951539
646,PUSH_IMMz+I16,PUSH_W,I16,,,0,0,0,0,0,0,0,1,1,0,0,0,0,0,0,0,0,12,12,0
647,PUSH_IMMz+I32,PUSH,I32,,,0,0,0,0,0,0,0,1,1,0,0,0,0,0,0,0,0,11,11,5618477
648,PUSH_MEMv+M16,PUSH,M16,,,0,0,0,0,0,0,1,1,1,0,0,0,0,0,0,0,0,12,12,0
649,PUSH_MEMv+M64,PUSH,M64,,,0,0,0,0,0,0,1,1,1,0,0,0,0,0,0,0,0,11,11,3182780602
650,RCL_GPR8_CL+R8,RCL_NOREX,R8,CL,,0,0,0,0,2,6,0,0,0,1,1,0,0,0,0,0,0,5,6,0
651,RCL_GPR8_CL+R8,RCL_REX,R8,CL,,0,0,0,0,2,6,0,0,0,1,1,0,0,0,0,0,0,5,6,0
652,RCL_GPR8_IMMb+R8+I8,RCL_NOREX,R8,I8,,0,0,0,0,2,6,0,0,0,1,1,0,0,0,0,0,0,5,6,0
653,RCL_GPR8_IMMb+R8+I8,RCL_REX,R8,I8,,0,0,0,0,2,6,0,0,0,1,1,0,0,0,0,0,0,5,6,0
654,RCL_GPR8_ONE+R8,RCL_NOREX,R8,1,,0,0,0,0,1,2,0,0,0,0,0,0,0,0,0,0,0,2,2,0
655,RCL_GPR8_ONE+R8,RCL_REX,R8,1,,0,0,0,0,1,2,0,0,0,0,0,0,0,0,0,0,0,2,2,0
656,RCL_GPRv_CL+R16,RCL,R16,CL,,0,0,0,0,2,4,0,0,0,2,0,0,0,0,0,0,0,6,8,0
657,RCL_GPRv_CL+R32,RCL,R32,CL,,0,0,0,0,2,4,0,0,0,2,0,0,0,0,0,0,0,6,8,0
658,RCL_GPRv_CL+R64,RCL,R64,CL,,0,0,0,0,2,4,0,0,0,2,0,0,0,0,0,0,0,6,8,0
659,RCL_GPRv_IMMb+R16+I8,RCL,R16,I8,,0,0,0,0,2,4,0,0,0,2,0,0,0,0,0,0,0,6,7,0
660,RCL_GPRv_IMMb+R32+I8,RCL,R32,I8,,0,0,0,0,2,4,0,0,0,2,0,0,0,0,0,0,0,6,7,0
661,RCL_GPRv_IMMb+R64+I8,RCL,R64,I8,,0,0,0,0,2,4,0,0,0,2,0,0,0,0,0,0,0,6,7,0
662,RCL_GPRv_ONE+R16,RCL,R16,1,,0,0,0,0,1,2,0,0,0,0,0,0,0,0,0,0,0,2,2,0
663,RCL_GPRv_ONE+R32,RCL,R32,1,,0,0,0,0,1,2,0,0,0,0,0,0,0,0,0,0,0,2,2,0
664,RCL_GPRv_ONE+R64,RCL,R64,1,,0,0,0,0,1,2,0,0,0,0,0,0,0,0,0,0,0,2,2,0
665,RCL_MEMb_CL+M8,RCL,M8,CL,,0,0,0,0,1,6,2,0,1,1,1,0,0,0,0,0,0,5,17,0
666,RCL_MEMb_IMMb+M8+I8,RCL,M8,I8,,0,0,0,0,1,6,2,0,1,1,1,0,0,0,0,0,0,6,17,0
667,RCL_MEMb_ONE+M8,RCL,M8,1,,0,0,0,0,1,2,1,1,1,0,0,0,0,0,0,0,0,3,11,0
668,RCL_MEMv_CL+M16,RCL,M16,CL,,0,0,0,0,2,4,2,0,1,2,0,0,0,0,0,0,0,7,17,0
669,RCL_MEMv_CL+M32,RCL,M32,CL,,0,0,0,0,2,4,2,0,1,2,0,0,0,0,0,0,0,7,16,0
670,RCL_MEMv_CL+M64,RCL,M64,CL,,0,0,0,0,2,4,2,0,1,2,0,0,0,0,0,0,0,7,16,0
671,RCL_MEMv_IMMb+M16+I8,RCL,M16,I8,,0,0,0,0,2,4,2,0,1,2,0,0,0,0,0,0,0,7,17,0
672,RCL_MEMv_IMMb+M32+I8,RCL,M32,I8,,0,0,0,0,2,4,2,0,1,2,0,0,0,0,0,0,0,7,16,0
673,RCL_MEMv_IMMb+M64+I8,RCL,M64,I8,,0,0,0,0,2,4,2,0,1,2,0,0,0,0,0,0,0,7,16,0
674,RCL_MEMv_ONE+M16,RCL,M16,1,,0,0,0,0,1,2,1,1,1,0,0,0,0,0,0,0,0,3,11,0
675,RCL_MEMv_ONE+M32,RCL,M32,1,,0,0,0,0,1,2,1,1,1,0,0,0,0,0,0,0,0,3,10,0
676,RCL_MEMv_ONE+M64,RCL,M64,1,,0,0,0,0,1,2,1,1,1,0,0,0,0,0,0,0,0,3,10,0
677,RCR_GPR8_CL+R8,RCR_NOREX,R8,CL,,0,0,0,0,2,5,0,0,0,2,1,1,0,0,0,0,0,6,9,0
678,RCR_GPR8_CL+R8,RCR_REX,R8,CL,,0,0,0,0,2,5,0,0,0,2,1,1,0,0,0,0,0,6,9,0
679,RCR_GPR8_IMMb+R8+I8,RCR_NOREX,R8,I8,,0,0,0,0,2,5,0,0,0,2,1,1,0,0,0,0,0,6,8,0
680,RCR_GPR8_IMMb+R8+I8,RCR_REX,R8,I8,,0,0,0,0,2,5,0,0,0,2,1,1,0,0,0,0,0,6,8,0
681,RCR_GPR8_ONE+R8,RCR_NOREX,R8,1,,0,0,0,0,1,2,0,0,0,0,0,0,0,0,0,0,0,2,2,0
682,RCR_GPR8_ONE+R8,RCR_REX,R8,1,,0,0,0,0,1,2,0,0,0,0,0,0,0,0,0,0,0,2,2,0
683,RCR_GPRv_CL+R16,RCR,R16,CL,,0,0,0,0,2,4,0,0,0,2,0,0,0,0,0,0,0,5,8,0
684,RCR_GPRv_CL+R32,RCR,R32,CL,,0,0,0,0,2,4,0,0,0,2,0,0,0,0,0,0,0,5,8,0
685,RCR_GPRv_CL+R64,RCR,R64,CL,,0,0,0,0,2,4,0,0,0,2,0,0,0,0,0,0,0,5,8,0
686,RCR_GPRv_IMMb+R16+I8,RCR,R16,I8,,0,0,0,0,2,4,0,0,0,2,0,0,0,0,0,0,0,5,6,0
687,RCR_GPRv_IMMb+R32+I8,RCR,R32,I8,,0,0,0,0,2,4,0,0,0,2,0,0,0,0,0,0,0,5,6,0
688,RCR_GPRv_IMMb+R64+I8,RCR,R64,I8,,0,0,0,0,2,4,0,0,0,2,0,0,0,0,0,0,0,5,6,0
689,RCR_GPRv_ONE+R16,RCR,R16,1,,0,0,0,0,1,2,0,0,0,0,0,0,0,0,0,0,0,2,2,0
690,RCR_GPRv_ONE+R32,RCR,R32,1,,0,0,0,0,1,2,0,0,0,0,0,0,0,0,0,0,0,2,2,0
691,RCR_GPRv_ONE+R64,RCR,R64,1,,0,0,0,0,1,2,0,0,0,0,0,0,0,0,0,0,0,2,2,0
692,RCR_MEMb_CL+M8,RCR,M8,CL,,0,0,0,0,2,5,2,0,1,2,1,0,0,0,0,0,0,6,17,0
693,RCR_MEMb_IMMb+M8+I8,RCR,M8,I8,,0,0,0,0,2,5,2,0,1,2,1,0,0,0,0,0,0,6,17,0
694,RCR_MEMb_ONE+M8,RCR,M8,1,,0,0,0,0,1,2,1,1,1,0,0,0,0,0,0,0,0,3,10,0
695,RCR_MEMv_CL+M16,RCR,M16,CL,,0,0,0,0,2,4,2,0,1,2,0,0,0,0,0,0,0,6,17,0
696,RCR_MEMv_CL+M32,RCR,M32,CL,,0,0,0,0,2,4,2,0,1,2,0,0,0,0,0,0,0,6,16,0
697,RCR_MEMv_CL+M64,RCR,M64,CL,,0,0,0,0,2,4,2,0,1,2,0,0,0,0,0,0,0,6,16,0
698,RCR_MEMv_IMMb+M16+I8,RCR,M16,I8,,0,0,0,0,2,4,2,0,1,2,0,0,0,0,0,0,0,6,17,0
699,RCR_MEMv_IMMb+M32+I8,RCR,M32,I8,,0,0,0,0,2,4,2,0,1,2,0,0,0,0,0,0,0,6,16,0
700,RCR_MEMv_IMMb+M64+I8,RCR,M64,I8,,0,0,0,0,2,4,2,0,1,2,0,0,0,0,0,0,0,6,16,0
701,RCR_MEMv_ONE+M16,RCR,M16,1,,0,0,0,0,1,2,1,1,1,0,0,0,0,0,0,0,0,3,11,0
702,RCR_MEMv_ONE+M32,RCR,M32,1,,0,0,0,0,1,2,1,1,1,0,0,0,0,0,0,0,0,3,10,0
703,RCR_MEMv_ONE+M64,RCR,M64,1,,0,0,0,0,1,2,1,1,1,0,0,0,0,0,0,0,0,3,10,0
704,ROL_GPR8_CL+R8,ROL_NOREX,R8,CL,,0,0,0,0,0,3,0,0,0,0,0,0,0,0,0,0,0,1,2,0
705,ROL_GPR8_CL+R8,ROL_REX,R8,CL,,0,0,0,0,0,3,0,0,0,0,0,0,0,0,0,0,0,1,2,0
706,ROL_GPR8_IMMb+R8+I8,ROL_NOREX,R8,I8,,0,0,0,0,0,1,0,0,0,0,0,0,0,0,0,0,0,1,1,0
707,ROL_GPR8_IMMb+R8+I8,ROL_REX,R8,I8,,0,0,0,0,0,1,0,0,0,0,0,0,0,0,0,0,0,1,1,0
708,ROL_GPR8_ONE+R8,ROL_NOREX,R8,1,,0,0,0,0,0,2,0,0,0,0,0,0,0,0,0,0,0,1,1,0
709,ROL_GPR8_ONE+R8,ROL_REX,R8,1,,0,0,0,0,0,2,0,0,0,0,0,0,0,0,0,0,0,1,1,0
710,ROL_GPRv_CL+R16,ROL,R16,CL,,0,0,0,0,0,3,0,0,0,0,0,0,0,0,0,0,0,1,2,0
711,ROL_GPRv_CL+R32,ROL,R32,CL,,0,0,0,0,0,3,0,0,0,0,0,0,0,0,0,0,0,1,2,17724832
712,ROL_GPRv_CL+R64,ROL,R64,CL,,0,0,0,0,0,3,0,0,0,0,0,0,0,0,0,0,0,1,2,1610974
713,ROL_GPRv_IMMb+R16+I8,ROL,R16,I8,,0,0,0,0,0,1,0,0,0,0,0,0,0,0,0,0,0,1,1,28800
714,ROL_GPRv_IMMb+R32+I8,ROL,R32,I8,,0,0,0,0,0,1,0,0,0,0,0,0,0,0,0,0,0,1,1,0
715,ROL_GPRv_IMMb+R64+I8,ROL,R64,I8,,0,0,0,0,0,1,0,0,0,0,0,0,0,0,0,0,0,1,1,4900016
716,ROL_GPRv_ONE+R16,ROL,R16,1,,0,0,0,0,0,2,0,0,0,0,0,0,0,0,0,0,0,1,1,0
717,ROL_GPRv_ONE+R32,ROL,R32,1,,0,0,0,0,0,2,0,0,0,0,0,0,0,0,0,0,0,1,1,0
718,ROL_GPRv_ONE+R64,ROL,R64,1,,0,0,0,0,0,2,0,0,0,0,0,0,0,0,0,0,0,1,1,0
719,ROL_MEMb_CL+M8,ROL,M8,CL,,0,0,0,0,0,3,1,1,1,0,0,0,0,0,0,0,0,2,11,0
720,ROL_MEMb_IMMb+M8+I8,ROL,M8,I8,,0,0,0,0,0,2,1,1,1,0,0,0,0,0,0,0,0,4,11,0
721,ROL_MEMb_ONE+M8,ROL,M8,1,,0,0,0,0,0,2,1,1,1,0,0,0,0,0,0,0,0,4,11,0
722,ROL_MEMv_CL+M16,ROL,M16,CL,,0,0,0,0,0,3,1,1,1,0,0,0,0,0,0,0,0,2,11,0
723,ROL_MEMv_CL+M32,ROL,M32,CL,,0,0,0,0,0,3,1,1,1,0,0,0,0,0,0,0,0,2,10,0
724,ROL_MEMv_CL+M64,ROL,M64,CL,,0,0,0,0,0,3,1,1,1,0,0,0,0,0,0,0,0,2,10,0
725,ROL_MEMv_IMMb+M16+I8,ROL,M16,I8,,0,0,0,0,0,2,1,1,1,0,0,0,0,0,0,0,0,3,11,0
726,ROL_MEMv_IMMb+M32+I8,ROL,M32,I8,,0,0,0,0,0,2,1,1,1,0,0,0,0,0,0,0,0,4,10,0
727,ROL_MEMv_IMMb+M64+I8,ROL,M64,I8,,0,0,0,0,0,2,1,1,1,0,0,0,0,0,0,0,0,4,10,0
728,ROL_MEMv_ONE+M16,ROL,M16,1,,0,0,0,0,0,2,1,1,1,0,0,0,0,0,0,0,0,4,11,0
729,ROL_MEMv_ONE+M32,ROL,M32,1,,0,0,0,0,0,2,1,1,1,0,0,0,0,0,0,0,0,4,10,0
730,ROL_MEMv_ONE+M64,ROL,M64,1,,0,0,0,0,0,2,1,1,1,0,0,0,0,0,0,0,0,4,10,0
731,ROR_GPR8_CL+R8,ROR_NOREX,R8,CL,,0,0,0,0,0,3,0,0,0,0,0,0,0,0,0,0,0,1,2,0
732,ROR_GPR8_CL+R8,ROR_REX,R8,CL,,0,0,0,0,0,3,0,0,0,0,0,0,0,0,0,0,0,1,2,0
733,ROR_GPR8_IMMb+R8+I8,ROR_NOREX,R8,I8,,0,0,0,0,0,1,0,0,0,0,0,0,0,0,0,0,0,1,1,0
734,ROR_GPR8_IMMb+R8+I8,ROR_REX,R8,I8,,0,0,0,0,0,1,0,0,0,0,0,0,0,0,0,0,0,1,1,0
735,ROR_GPR8_ONE+R8,ROR_NOREX,R8,1,,0,0,0,0,0,2,0,0,0,0,0,0,0,0,0,0,0,1,1,0
736,ROR_GPR8_ONE+R8,ROR_REX,R8,1,,0,0,0,0,0,2,0,0,0,0,0,0,0,0,0,0,0,1,1,0
737,ROR_GPRv_CL+R16,ROR,R16,CL,,0,0,0,0,0,3,0,0,0,0,0,0,0,0,0,0,0,1,2,0
738,ROR_GPRv_CL+R32,ROR,R32,CL,,0,0,0,0,0,3,0,0,0,0,0,0,0,0,0,0,0,1,2,0
739,ROR_GPRv_CL+R64,ROR,R64,CL,,0,0,0,0,0,3,0,0,0,0,0,0,0,0,0,0,0,1,2,0
740,ROR_GPRv_IMMb+R16+I8,ROR,R16,I8,,0,0,0,0,0,1,0,0,0,0,0,0,0,0,0,0,0,1,1,0
741,ROR_GPRv_IMMb+R32+I8,ROR,R32,I8,,0,0,0,0,0,1,0,0,0,0,0,0,0,0,0,0,0,1,1,0
742,ROR_GPRv_IMMb+R64+I8,ROR,R64,I8,,0,0,0,0,0,1,0,0,0,0,0,0,0,0,0,0,0,1,1,798
743,ROR_GPRv_ONE+R16,ROR,R16,1,,0,0,0,0,0,2,0,0,0,0,0,0,0,0,0,0,0,1,1,0
744,ROR_GPRv_ONE+R32,ROR,R32,1,,0,0,0,0,0,2,0,0,0,0,0,0,0,0,0,0,0,1,1,0
745,ROR_GPRv_ONE+R64,ROR,R64,1,,0,0,0,0,0,2,0,0,0,0,0,0,0,0,0,0,0,1,1,0
746,ROR_MEMb_CL+M8,ROR,M8,CL,,0,0,0,0,0,3,1,1,1,0,0,0,0,0,0,0,0,2,11,0
747,ROR_MEMb_IMMb+M8+I8,ROR,M8,I8,,0,0,0,0,0,2,1,1,1,0,0,0,0,0,0,0,0,4,11,0
748,ROR_MEMb_ONE+M8,ROR,M8,1,,0,0,0,0,0,2,1,1,1,0,0,0,0,0,0,0,0,3,11,0
749,ROR_MEMv_CL+M16,ROR,M16,CL,,0,0,0,0,0,3,1,1,1,0,0,0,0,0,0,0,0,2,11,0
750,ROR_MEMv_CL+M32,ROR,M32,CL,,0,0,0,0,0,3,1,1,1,0,0,0,0,0,0,0,0,2,10,0
751,ROR_MEMv_CL+M64,ROR,M64,CL,,0,0,0,0,0,3,1,1,1,0,0,0,0,0,0,0,0,2,10,0
752,ROR_MEMv_IMMb+M16+I8,ROR,M16,I8,,0,0,0,0,0,2,1,1,1,0,0,0,0,0,0,0,0,4,11,0
753,ROR_MEMv_IMMb+M32+I8,ROR,M32,I8,,0,0,0,0,0,2,1,1,1,0,0,0,0,0,0,0,0,4,10,0
754,ROR_MEMv_IMMb+M64+I8,ROR,M64,I8,,0,0,0,0,0,2,1,1,1,0,0,0,0,0,0,0,0,4,10,0
755,ROR_MEMv_ONE+M16,ROR,M16,1,,0,0,0,0,0,2,1,1,1,0,0,0,0,0,0,0,0,4,11,0
756,ROR_MEMv_ONE+M32,ROR,M32,1,,0,0,0,0,0,2,1,1,1,0,0,0,0,0,0,0,0,4,10,0
757,ROR_MEMv_ONE+M64,ROR,M64,1,,0,0,0,0,0,2,1,1,1,0,0,0,0,0,0,0,0,4,10,0
758,SAHF,SAHF,,,,0,0,0,0,0,1,0,0,0,0,0,0,0,0,0,0,0,0,0,0
759,SAR_GPR8_CL+R8,SAR_NOREX,R8,CL,,0,0,0,0,0,3,0,0,0,0,0,0,0,0,0,0,0,1,2,0
760,SAR_GPR8_CL+R8,SAR_REX,R8,CL,,0,0,0,0,0,3,0,0,0,0,0,0,0,0,0,0,0,1,2,0
761,SAR_GPR8_IMMb+R8+I8,SAR_NOREX,R8,I8,,0,0,0,0,0,1,0,0,0,0,0,0,0,0,0,0,0,1,1,0
762,SAR_GPR8_IMMb+R8+I8,SAR_REX,R8,I8,,0,0,0,0,0,1,0,0,0,0,0,0,0,0,0,0,0,1,1,0
763,SAR_GPR8_ONE+R8,SAR_NOREX,R8,1,,0,0,0,0,0,1,0,0,0,0,0,0,0,0,0,0,0,1,1,0
764,SAR_GPR8_ONE+R8,SAR_REX,R8,1,,0,0,0,0,0,1,0,0,0,0,0,0,0,0,0,0,0,1,1,0
765,SAR_GPRv_CL+R16,SAR,R16,CL,,0,0,0,0,0,3,0,0,0,0,0,0,0,0,0,0,0,1,2,0
766,SAR_GPRv_CL+R32,SAR,R32,CL,,0,0,0,0,0,3,0,0,0,0,0,0,0,0,0,0,0,1,2,372350950
767,SAR_GPRv_CL+R64,SAR,R64,CL,,0,0,0,0,0,3,0,0,0,0,0,0,0,0,0,0,0,1,2,168
768,SAR_GPRv_IMMb+R16+I8,SAR,R16,I8,,0,0,0,0,0,1,0,0,0,0,0,0,0,0,0,0,0,1,1,0
769,SAR_GPRv_IMMb+R32+I8,SAR,R32,I8,,0,0,0,0,0,1,0,0,0,0,0,0,0,0,0,0,0,1,1,65771056483
770,SAR_GPRv_IMMb+R64+I8,SAR,R64,I8,,0,0,0,0,0,1,0,0,0,0,0,0,0,0,0,0,0,1,1,25772577847
771,SAR_GPRv_ONE+R16,SAR,R16,1,,0,0,0,0,0,1,0,0,0,0,0,0,0,0,0,0,0,1,1,9301365
772,SAR_GPRv_ONE+R32,SAR,R32,1,,0,0,0,0,0,1,0,0,0,0,0,0,0,0,0,0,0,1,1,5718596681
773,SAR_GPRv_ONE+R64,SAR,R64,1,,0,0,0,0,0,1,0,0,0,0,0,0,0,0,0,0,0,1,1,6449603964
774,SAR_MEMb_CL+M8,SAR,M8,CL,,0,0,0,0,0,3,1,1,1,0,0,0,0,0,0,0,0,2,11,0
775,SAR_MEMb_IMMb+M8+I8,SAR,M8,I8,,0,0,0,0,0,1,1,1,1,0,0,0,0,0,0,0,0,3,11,0
776,SAR_MEMb_ONE+M8,SAR,M8,1,,0,0,0,0,0,1,1,1,1,0,0,0,0,0,0,0,0,3,11,0
777,SAR_MEMv_CL+M16,SAR,M16,CL,,0,0,0,0,0,3,1,1,1,0,0,0,0,0,0,0,0,2,11,0
778,SAR_MEMv_CL+M32,SAR,M32,CL,,0,0,0,0,0,3,1,1,1,0,0,0,0,0,0,0,0,2,10,0
779,SAR_MEMv_CL+M64,SAR,M64,CL,,0,0,0,0,0,3,1,1,1,0,0,0,0,0,0,0,0,2,10,0
780,SAR_MEMv_IMMb+M16+I8,SAR,M16,I8,,0,0,0,0,0,1,1,1,1,0,0,0,0,0,0,0,0,3,11,0
781,SAR_MEMv_IMMb+M32+I8,SAR,M32,I8,,0,0,0,0,0,1,1,1,1,0,0,0,0,0,0,0,0,3,10,0
782,SAR_MEMv_IMMb+M64+I8,SAR,M64,I8,,0,0,0,0,0,1,1,1,1,0,0,0,0,0,0,0,0,3,10,0
783,SAR_MEMv_ONE+M16,SAR,M16,1,,0,0,0,0,0,1,1,1,1,0,0,0,0,0,0,0,0,3,11,0
784,SAR_MEMv_ONE+M32,SAR,M32,1,,0,0,0,0,0,1,1,1,1,0,0,0,0,0,0,0,0,3,10,0
785,SAR_MEMv_ONE+M64,SAR,M64,1,,0,0,0,0,0,1,1,1,1,0,0,0,0,0,0,0,0,3,10,0
786,SBB_AL_IMMb+I8,SBB,AL,I8,,0,0,0,0,1,1,0,0,0,0,0,0,0,0,0,0,0,1,2,2707348
787,SBB_GPR8_GPR8_18+R8+R8,SBB_NOREX_18,R8,R8,,0,0,0,0,0,1,0,0,0,0,0,0,0,0,0,0,0,1,1,0
788,SBB_GPR8_GPR8_18+R8+R8,SBB_REX_18,R8,R8,,0,0,0,0,0,1,0,0,0,0,0,0,0,0,0,0,0,1,1,0
789,SBB_GPR8_GPR8_1A+R8+R8,SBB_NOREX_1A,R8,R8,,0,0,0,0,0,1,0,0,0,0,0,0,0,0,0,0,0,1,1,0
790,SBB_GPR8_GPR8_1A+R8+R8,SBB_REX_1A,R8,R8,,0,0,0,0,0,1,0,0,0,0,0,0,0,0,0,0,0,1,1,0
791,SBB_GPR8_IMMb_80r3+R8+I8,SBB_NOREX,R8,I8,,0,0,0,0,0,1,0,0,0,0,0,0,0,0,0,0,0,1,1,4124576
792,SBB_GPR8_IMMb_80r3+R8+I8,SBB_REX,R8,I8,,0,0,0,0,0,1,0,0,0,0,0,0,0,0,0,0,0,1,1,4124576
793,SBB_GPR8_MEMb+R8+M8,SBB_NOREX,R8,M8,,0,0,0,0,0,1,1,0,0,0,0,0,0,0,0,0,0,1,6,0
794,SBB_GPR8_MEMb+R8+M8,SBB_REX,R8,M8,,0,0,0,0,0,1,1,0,0,0,0,0,0,0,0,0,0,1,6,0
795,SBB_GPRv_GPRv_19+R16+R16,SBB_19,R16,R16,,0,0,0,0,0,1,0,0,0,0,0,0,0,0,0,0,0,1,1,0
796,SBB_GPRv_GPRv_19+R32+R32,SBB_19,R32,R32,,0,0,0,0,0,1,0,0,0,0,0,0,0,0,0,0,0,1,1,1244225509
797,SBB_GPRv_GPRv_19+R64+R64,SBB_19,R64,R64,,0,0,0,0,0,1,0,0,0,0,0,0,0,0,0,0,0,1,1,1224238
798,SBB_GPRv_GPRv_1B+R16+R16,SBB_1B,R16,R16,,0,0,0,0,0,1,0,0,0,0,0,0,0,0,0,0,0,1,1,0
799,SBB_GPRv_GPRv_1B+R32+R32,SBB_1B,R32,R32,,0,0,0,0,0,1,0,0,0,0,0,0,0,0,0,0,0,1,1,0
800,SBB_GPRv_GPRv_1B+R64+R64,SBB_1B,R64,R64,,0,0,0,0,0,1,0,0,0,0,0,0,0,0,0,0,0,1,1,0
801,SBB_GPRv_IMMb+R16+I8,SBB,R16,I8,,0,0,0,0,0,1,0,0,0,0,0,0,0,0,0,0,0,1,1,0
802,SBB_GPRv_IMMb+R32+I8,SBB,R32,I8,,0,0,0,0,0,1,0,0,0,0,0,0,0,0,0,0,0,1,1,4288997149
803,SBB_GPRv_IMMb+R64+I8,SBB,R64,I8,,0,0,0,0,0,1,0,0,0,0,0,0,0,0,0,0,0,1,1,371615
804,SBB_GPRv_IMMz+R16+I16,SBB,R16,I16,,0,0,0,0,0,1,0,0,0,0,0,0,0,0,0,0,0,1,1,0
805,SBB_GPRv_IMMz+R32+I32,SBB,R32,I32,,0,0,0,0,0,1,0,0,0,0,0,0,0,0,0,0,0,1,1,0
806,SBB_GPRv_IMMz+R64+I32,SBB,R64,I32,,0,0,0,0,0,1,0,0,0,0,0,0,0,0,0,0,0,1,1,0
807,SBB_GPRv_MEMv+R16+M16,SBB,R16,M16,,0,0,0,0,0,1,1,0,0,0,0,0,0,0,0,0,0,1,6,0
808,SBB_GPRv_MEMv+R32+M32,SBB,R32,M32,,0,0,0,0,0,1,1,0,0,0,0,0,0,0,0,0,0,1,6,0
809,SBB_GPRv_MEMv+R64+M64,SBB,R64,M64,,0,0,0,0,0,1,1,0,0,0,0,0,0,0,0,0,0,1,6,0
810,SBB_LOCK_MEMb_GPR8+M8+R8,SBB_LOCK_NOREX,M8,R8,,1,0,0,0,5,3,2,0,1,0,0,0,0,0,0,0,0,13,30,0
811,SBB_LOCK_MEMb_GPR8+M8+R8,SBB_LOCK_REX,M8,R8,,1,0,0,0,5,3,2,0,1,0,0,0,0,0,0,0,0,13,30,0
812,SBB_LOCK_MEMb_IMMb_80r3+M8+I8,SBB_LOCK,M8,I8,,1,0,0,0,5,2,2,0,1,0,0,0,0,0,0,0,0,13,30,0
813,SBB_LOCK_MEMv_GPRv+M16+R16,SBB_LOCK,M16,R16,,1,0,0,0,5,3,2,0,1,0,0,0,0,0,0,0,0,13,30,0
814,SBB_LOCK_MEMv_GPRv+M32+R32,SBB_LOCK,M32,R32,,1,0,0,0,5,3,2,0,1,0,0,0,0,0,0,0,0,13,29,0
815,SBB_LOCK_MEMv_GPRv+M64+R64,SBB_LOCK,M64,R64,,1,0,0,0,5,3,2,0,1,0,0,0,0,0,0,0,0,13,29,0
816,SBB_LOCK_MEMv_IMMb+M16+I8,SBB_LOCK,M16,I8,,1,0,0,0,5,2,2,0,1,0,0,0,0,0,0,0,0,13,30,0
817,SBB_LOCK_MEMv_IMMb+M32+I8,SBB_LOCK,M32,I8,,1,0,0,0,5,2,2,0,1,0,0,0,0,0,0,0,0,13,29,0
818,SBB_LOCK_MEMv_IMMb+M64+I8,SBB_LOCK,M64,I8,,1,0,0,0,5,2,2,0,1,0,0,0,0,0,0,0,0,13,29,0
819,SBB_LOCK_MEMv_IMMz+M16+I16,SBB_LOCK,M16,I16,,1,0,0,0,5,2,2,0,1,0,0,0,0,0,0,0,0,13,30,0
820,SBB_LOCK_MEMv_IMMz+M32+I32,SBB_LOCK,M32,I32,,1,0,0,0,5,2,2,0,1,0,0,0,0,0,0,0,0,13,29,0
821,SBB_LOCK_MEMv_IMMz+M64+I32,SBB_LOCK,M64,I32,,1,0,0,0,5,2,2,0,1,0,0,0,0,0,0,0,0,13,29,0
822,SBB_MEMb_GPR8+M8+R8,SBB_NOREX,M8,R8,,0,0,0,0,1,2,1,1,1,0,0,0,0,0,0,0,0,1,11,0
823,SBB_MEMb_GPR8+M8+R8,SBB_REX,M8,R8,,0,0,0,0,1,2,1,1,1,0,0,0,0,0,0,0,0,1,10,0
824,SBB_MEMb_IMMb_80r3+M8+I8,SBB,M8,I8,,0,0,0,0,3,0,1,1,1,0,0,0,0,0,0,0,0,2,11,0
825,SBB_MEMv_GPRv+M16+R16,SBB,M16,R16,,0,0,0,0,1,2,1,1,1,0,0,0,0,0,0,0,0,1,11,0
826,SBB_MEMv_GPRv+M32+R32,SBB,M32,R32,,0,0,0,0,1,2,1,1,1,0,0,0,0,0,0,0,0,1,10,0
827,SBB_MEMv_GPRv+M64+R64,SBB,M64,R64,,0,0,0,0,1,2,1,1,1,0,0,0,0,0,0,0,0,1,10,0
828,SBB_MEMv_IMMb+M16+I8,SBB,M16,I8,,0,0,0,0,3,0,1,1,1,0,0,0,0,0,0,0,0,2,11,0
829,SBB_MEMv_IMMb+M32+I8,SBB,M32,I8,,0,0,0,0,3,0,1,1,1,0,0,0,0,0,0,0,0,2,10,511634
830,SBB_MEMv_IMMb+M64+I8,SBB,M64,I8,,0,0,0,0,3,0,1,1,1,0,0,0,0,0,0,0,0,2,11,0
831,SBB_MEMv_IMMz+M16+I16,SBB,M16,I16,,0,0,0,0,3,0,1,1,1,0,0,0,0,0,0,0,0,2,11,0
832,SBB_MEMv_IMMz+M32+I32,SBB,M32,I32,,0,0,0,0,3,0,1,1,1,0,0,0,0,0,0,0,0,2,10,0
833,SBB_MEMv_IMMz+M64+I32,SBB,M64,I32,,0,0,0,0,3,0,1,1,1,0,0,0,0,0,0,0,0,2,10,0
834,SBB_OrAX_IMMz+I16,SBB,AX,I16,,0,0,0,0,1,1,0,0,0,0,0,0,0,0,0,0,0,1,2,0
835,SBB_OrAX_IMMz+I32,SBB,EAX,I32,,0,0,0,0,1,1,0,0,0,0,0,0,0,0,0,0,0,1,2,0
836,SBB_OrAX_IMMz+I32,SBB,RAX,I32,,0,0,0,0,1,1,0,0,0,0,0,0,0,0,0,0,0,1,2,0
837,SCASB,SCASB,,,,0,0,0,0,2,0,1,0,0,0,0,0,0,0,0,0,0,1,6,0
838,SCASD,SCASD,,,,0,0,0,0,2,0,1,0,0,0,0,0,0,0,0,0,0,1,6,0
839,SCASW,SCASW,,,,0,0,0,0,2,0,1,0,0,0,0,0,0,0,0,0,0,1,6,0
840,SETBE_GPR8+R8,SETBE_NOREX,R8,,,0,0,0,0,0,2,0,0,0,0,0,0,0,0,0,0,0,2,2,221673267
841,SETBE_GPR8+R8,SETBE_REX,R8,,,0,0,0,0,0,2,0,0,0,0,0,0,0,0,0,0,0,2,2,221673267
842,SETBE_MEMb+M8,SETBE,M8,,,0,1,0,0,0,2,0,1,1,0,0,0,0,0,0,0,0,5,11,1815809
843,SETB_GPR8+R8,SETB_NOREX,R8,,,0,0,0,0,0,1,0,0,0,0,0,0,0,0,0,0,0,1,1,10874860
844,SETB_GPR8+R8,SETB_REX,R8,,,0,0,0,0,0,1,0,0,0,0,0,0,0,0,0,0,0,1,1,10874860
845,SETB_MEMb+M8,SETB,M8,,,0,1,0,0,0,1,0,1,1,0,0,0,0,0,0,0,0,5,11,33105
846,SETLE_GPR8+R8,SETLE_NOREX,R8,,,0,0,0,0,0,1,0,0,0,0,0,0,0,0,0,0,0,1,1,827511136
847,SETLE_GPR8+R8,SETLE_REX,R8,,,0,0,0,0,0,1,0,0,0,0,0,0,0,0,0,0,0,1,1,827511136
848,SETLE_MEMb+M8,SETLE,M8,,,0,1,0,0,0,1,0,1,1,0,0,0,0,0,0,0,0,5,11,342955
849,SETL_GPR8+R8,SETL_NOREX,R8,,,0,0,0,0,0,1,0,0,0,0,0,0,0,0,0,0,0,1,1,1178693778
850,SETL_GPR8+R8,SETL_REX,R8,,,0,0,0,0,0,1,0,0,0,0,0,0,0,0,0,0,0,1,1,1178693778
851,SETL_MEMb+M8,SETL,M8,,,0,1,0,0,0,1,0,1,1,0,0,0,0,0,0,0,0,5,11,829
852,SETNBE_GPR8+R8,SETNBE_NOREX,R8,,,0,0,0,0,0,2,0,0,0,0,0,0,0,0,0,0,0,2,2,26776389914
853,SETNBE_GPR8+R8,SETNBE_REX,R8,,,0,0,0,0,0,2,0,0,0,0,0,0,0,0,0,0,0,2,2,26776389914
854,SETNBE_MEMb+M8,SETNBE,M8,,,0,1,0,0,0,2,0,1,1,0,0,0,0,0,0,0,0,5,11,166648
855,SETNB_GPR8+R8,SETNB_NOREX,R8,,,0,0,0,0,0,1,0,0,0,0,0,0,0,0,0,0,0,1,1,87293839
856,SETNB_GPR8+R8,SETNB_REX,R8,,,0,0,0,0,0,1,0,0,0,0,0,0,0,0,0,0,0,1,1,87293839
857,SETNB_MEMb+M8,SETNB,M8,,,0,1,0,0,0,1,0,1,1,0,0,0,0,0,0,0,0,5,11,0
858,SETNLE_GPR8+R8,SETNLE_NOREX,R8,,,0,0,0,0,0,1,0,0,0,0,0,0,0,0,0,0,0,1,1,6930425416
859,SETNLE_GPR8+R8,SETNLE_REX,R8,,,0,0,0,0,0,1,0,0,0,0,0,0,0,0,0,0,0,1,1,6930425416
860,SETNLE_MEMb+M8,SETNLE,M8,,,0,1,0,0,0,1,0,1,1,0,0,0,0,0,0,0,0,5,11,2921597
861,SETNL_GPR8+R8,SETNL_NOREX,R8,,,0,0,0,0,0,1,0,0,0,0,0,0,0,0,0,0,0,1,1,2248559571
862,SETNL_GPR8+R8,SETNL_REX,R8,,,0,0,0,0,0,1,0,0,0,0,0,0,0,0,0,0,0,1,1,2248559571
863,SETNL_MEMb+M8,SETNL,M8,,,0,1,0,0,0,1,0,1,1,0,0,0,0,0,0,0,0,4,11,0
864,SETNO_GPR8+R8,SETNO_NOREX,R8,,,0,0,0,0,0,1,0,0,0,0,0,0,0,0,0,0,0,1,1,0
865,SETNO_GPR8+R8,SETNO_REX,R8,,,0,0,0,0,0,1,0,0,0,0,0,0,0,0,0,0,0,1,1,0
866,SETNO_MEMb+M8,SETNO,M8,,,0,1,0,0,0,1,0,1,1,0,0,0,0,0,0,0,0,4,11,0
867,SETNP_GPR8+R8,SETNP_NOREX,R8,,,0,0,0,0,0,1,0,0,0,0,0,0,0,0,0,0,0,1,1,538481309
868,SETNP_GPR8+R8,SETNP_REX,R8,,,0,0,0,0,0,1,0,0,0,0,0,0,0,0,0,0,0,1,1,538481309
869,SETNP_MEMb+M8,SETNP,M8,,,0,1,0,0,0,1,0,1,1,0,0,0,0,0,0,0,0,4,11,0
870,SETNS_GPR8+R8,SETNS_NOREX,R8,,,0,0,0,0,0,1,0,0,0,0,0,0,0,0,0,0,0,1,1,0
871,SETNS_GPR8+R8,SETNS_REX,R8,,,0,0,0,0,0,1,0,0,0,0,0,0,0,0,0,0,0,1,1,0
872,SETNS_MEMb+M8,SETNS,M8,,,0,1,0,0,0,1,0,1,1,0,0,0,0,0,0,0,0,5,11,0
873,SETNZ_GPR8+R8,SETNZ_NOREX,R8,,,0,0,0,0,0,1,0,0,0,0,0,0,0,0,0,0,0,1,1,11154406568
874,SETNZ_GPR8+R8,SETNZ_REX,R8,,,0,0,0,0,0,1,0,0,0,0,0,0,0,0,0,0,0,1,1,11154406568
875,SETNZ_MEMb+M8,SETNZ,M8,,,0,1,0,0,0,1,0,1,1,0,0,0,0,0,0,0,0,5,11,87242987
876,SETO_GPR8+R8,SETO_NOREX,R8,,,0,0,0,0,0,1,0,0,0,0,0,0,0,0,0,0,0,1,1,2
877,SETO_GPR8+R8,SETO_REX,R8,,,0,0,0,0,0,1,0,0,0,0,0,0,0,0,0,0,0,1,1,2
878,SETO_MEMb+M8,SETO,M8,,,0,1,0,0,0,1,0,1,1,0,0,0,0,0,0,0,0,5,11,0
879,SETP_GPR8+R8,SETP_NOREX,R8,,,0,0,0,0,0,1,0,0,0,0,0,0,0,0,0,0,0,1,1,5521221
880,SETP_GPR8+R8,SETP_REX,R8,,,0,0,0,0,0,1,0,0,0,0,0,0,0,0,0,0,0,1,1,5521221
881,SETP_MEMb+M8,SETP,M8,,,0,1,0,0,0,1,0,1,1,0,0,0,0,0,0,0,0,5,11,0
882,SETS_GPR8+R8,SETS_NOREX,R8,,,0,0,0,0,0,1,0,0,0,0,0,0,0,0,0,0,0,1,1,0
883,SETS_GPR8+R8,SETS_REX,R8,,,0,0,0,0,0,1,0,0,0,0,0,0,0,0,0,0,0,1,1,0
884,SETS_MEMb+M8,SETS,M8,,,0,1,0,0,0,1,0,1,1,0,0,0,0,0,0,0,0,5,11,0
885,SETZ_GPR8+R8,SETZ_NOREX,R8,,,0,0,0,0,0,1,0,0,0,0,0,0,0,0,0,0,0,1,1,42741031286
886,SETZ_GPR8+R8,SETZ_REX,R8,,,0,0,0,0,0,1,0,0,0,0,0,0,0,0,0,0,0,1,1,42741031286
887,SETZ_MEMb+M8,SETZ,M8,,,0,1,0,0,0,1,0,1,1,0,0,0,0,0,0,0,0,5,11,5522578257
888,SGDT_MEMs64+M80,SGDT,M80,,,0,0,0,0,0,4,1,1,2,3,0,0,0,0,0,0,0,21,21,0
889,SHLD_GPRv_GPRv_CL+R16+R16,SHLD_CL,R16,R16,CL,0,0,0,0,1,2,0,0,0,1,0,0,0,0,0,0,0,3,5,0
890,SHLD_GPRv_GPRv_CL+R32+R32,SHLD_CL,R32,R32,CL,0,0,0,0,1,2,0,0,0,1,0,0,0,0,0,0,0,3,5,0
891,SHLD_GPRv_GPRv_CL+R64+R64,SHLD_CL,R64,R64,CL,0,0,0,0,1,2,0,0,0,1,0,0,0,0,0,0,0,3,5,2181580
892,SHLD_GPRv_GPRv_IMMb+R16+R16+I8,SHLD_IMMB,R16,R16,I8,0,0,0,0,0,0,0,0,0,1,0,0,0,0,0,0,0,1,3,0
893,SHLD_GPRv_GPRv_IMMb+R32+R32+I8,SHLD_IMMB,R32,R32,I8,0,0,0,0,0,0,0,0,0,1,0,0,0,0,0,0,0,1,3,0
894,SHLD_GPRv_GPRv_IMMb+R64+R64+I8,SHLD_IMMB,R64,R64,I8,0,0,0,0,0,0,0,0,0,1,0,0,0,0,0,0,0,1,3,0
895,SHLD_MEMv_GPRv_CL+M16+R16,SHLD,M16,R16,CL,0,0,0,0,1,2,1,1,1,1,0,0,0,0,0,0,0,5,15,0
896,SHLD_MEMv_GPRv_CL+M32+R32,SHLD,M32,R32,CL,0,0,0,0,1,2,1,1,1,1,0,0,0,0,0,0,0,5,14,0
897,SHLD_MEMv_GPRv_CL+M64+R64,SHLD,M64,R64,CL,0,0,0,0,1,2,1,1,1,1,0,0,0,0,0,0,0,5,14,0
898,SHLD_MEMv_GPRv_IMMb+M16+R16+I8,SHLD,M16,R16,I8,0,0,0,0,1,0,1,1,1,1,0,0,0,0,0,0,0,4,16,0
899,SHLD_MEMv_GPRv_IMMb+M32+R32+I8,SHLD,M32,R32,I8,0,0,0,0,1,0,1,1,1,1,0,0,0,0,0,0,0,4,15,0
900,SHLD_MEMv_GPRv_IMMb+M64+R64+I8,SHLD,M64,R64,I8,0,0,0,0,1,0,1,1,1,1,0,0,0,0,0,0,0,4,15,0
901,SHL_GPR8_CL_D2r4+R8,SHL_NOREX,R8,CL,,0,0,0,0,0,3,0,0,0,0,0,0,0,0,0,0,0,1,2,0
902,SHL_GPR8_CL_D2r4+R8,SHL_REX,R8,CL,,0,0,0,0,0,3,0,0,0,0,0,0,0,0,0,0,0,1,2,0
903,SHL_GPR8_IMMb_C0r4+R8+I8,SHL_NOREX,R8,I8,,0,0,0,0,0,1,0,0,0,0,0,0,0,0,0,0,0,1,1,0
904,SHL_GPR8_IMMb_C0r4+R8+I8,SHL_REX,R8,I8,,0,0,0,0,0,1,0,0,0,0,0,0,0,0,0,0,0,1,1,0
905,SHL_GPR8_ONE_D0r4+R8,SHL_NOREX,R8,1,,0,0,0,0,0,1,0,0,0,0,0,0,0,0,0,0,0,1,1,0
906,SHL_GPR8_ONE_D0r4+R8,SHL_REX,R8,1,,0,0,0,0,0,1,0,0,0,0,0,0,0,0,0,0,0,1,1,0
907,SHL_GPRv_CL_D3r4+R16,SHL,R16,CL,,0,0,0,0,0,3,0,0,0,0,0,0,0,0,0,0,0,1,2,0
908,SHL_GPRv_CL_D3r4+R32,SHL,R32,CL,,0,0,0,0,0,3,0,0,0,0,0,0,0,0,0,0,0,1,2,170287315
909,SHL_GPRv_CL_D3r4+R64,SHL,R64,CL,,0,0,0,0,0,3,0,0,0,0,0,0,0,0,0,0,0,1,2,2312761
910,SHL_GPRv_IMMb_C1r4+R16+I8,SHL,R16,I8,,0,0,0,0,0,1,0,0,0,0,0,0,0,0,0,0,0,1,1,0
911,SHL_GPRv_IMMb_C1r4+R32+I8,SHL,R32,I8,,0,0,0,0,0,1,0,0,0,0,0,0,0,0,0,0,0,1,1,80333481130
912,SHL_GPRv_IMMb_C1r4+R64+I8,SHL,R64,I8,,0,0,0,0,0,1,0,0,0,0,0,0,0,0,0,0,0,1,1,109415490731
913,SHL_GPRv_ONE_D1r4+R16,SHL,R16,1,,0,0,0,0,0,1,0,0,0,0,0,0,0,0,0,0,0,1,1,0
914,SHL_GPRv_ONE_D1r4+R32,SHL,R32,1,,0,0,0,0,0,1,0,0,0,0,0,0,0,0,0,0,0,1,1,0
915,SHL_GPRv_ONE_D1r4+R64,SHL,R64,1,,0,0,0,0,0,1,0,0,0,0,0,0,0,0,0,0,0,1,1,0
916,SHL_MEMb_CL_D2r4+M8,SHL,M8,CL,,0,0,0,0,0,3,1,1,1,0,0,0,0,0,0,0,0,2,11,0
917,SHL_MEMb_IMMb_C0r4+M8+I8,SHL,M8,I8,,0,0,0,0,0,1,1,1,1,0,0,0,0,0,0,0,0,3,11,0
918,SHL_MEMb_ONE_D0r4+M8,SHL,M8,1,,0,0,0,0,0,1,1,1,1,0,0,0,0,0,0,0,0,3,11,0
919,SHL_MEMv_CL_D3r4+M16,SHL,M16,CL,,0,0,0,0,0,3,1,1,1,0,0,0,0,0,0,0,0,2,11,0
920,SHL_MEMv_CL_D3r4+M32,SHL,M32,CL,,0,0,0,0,0,3,1,1,1,0,0,0,0,0,0,0,0,2,10,0
921,SHL_MEMv_CL_D3r4+M64,SHL,M64,CL,,0,0,0,0,0,3,1,1,1,0,0,0,0,0,0,0,0,2,10,0
922,SHL_MEMv_IMMb_C1r4+M16+I8,SHL,M16,I8,,0,0,0,0,0,1,1,1,1,0,0,0,0,0,0,0,0,3,11,0
923,SHL_MEMv_IMMb_C1r4+M32+I8,SHL,M32,I8,,0,0,0,0,0,1,1,1,1,0,0,0,0,0,0,0,0,3,10,0
924,SHL_MEMv_IMMb_C1r4+M64+I8,SHL,M64,I8,,0,0,0,0,0,1,1,1,1,0,0,0,0,0,0,0,0,3,10,14230
925,SHL_MEMv_ONE_D1r4+M16,SHL,M16,1,,0,0,0,0,0,1,1,1,1,0,0,0,0,0,0,0,0,3,11,0
926,SHL_MEMv_ONE_D1r4+M32,SHL,M32,1,,0,0,0,0,0,1,1,1,1,0,0,0,0,0,0,0,0,3,10,1
927,SHL_MEMv_ONE_D1r4+M64,SHL,M64,1,,0,0,0,0,0,1,1,1,1,0,0,0,0,0,0,0,0,3,10,0
928,SHRD_GPRv_GPRv_CL+R16+R16,SHRD_CL,R16,R16,CL,0,0,0,0,1,2,0,0,0,1,0,0,0,0,0,0,0,3,5,0
929,SHRD_GPRv_GPRv_CL+R32+R32,SHRD_CL,R32,R32,CL,0,0,0,0,1,2,0,0,0,1,0,0,0,0,0,0,0,3,5,0
930,SHRD_GPRv_GPRv_CL+R64+R64,SHRD_CL,R64,R64,CL,0,0,0,0,1,2,0,0,0,1,0,0,0,0,0,0,0,3,5,751851
931,SHRD_GPRv_GPRv_IMMb+R16+R16+I8,SHRD_IMMB,R16,R16,I8,0,0,0,0,0,0,0,0,0,1,0,0,0,0,0,0,0,1,3,0
932,SHRD_GPRv_GPRv_IMMb+R32+R32+I8,SHRD_IMMB,R32,R32,I8,0,0,0,0,0,0,0,0,0,1,0,0,0,0,0,0,0,1,3,0
933,SHRD_GPRv_GPRv_IMMb+R64+R64+I8,SHRD_IMMB,R64,R64,I8,0,0,0,0,0,0,0,0,0,1,0,0,0,0,0,0,0,1,3,0
934,SHRD_MEMv_GPRv_CL+M16+R16,SHRD,M16,R16,CL,0,0,0,0,1,2,1,1,1,1,0,0,0,0,0,0,0,4,17,0
935,SHRD_MEMv_GPRv_CL+M32+R32,SHRD,M32,R32,CL,0,0,0,0,1,2,1,1,1,1,0,0,0,0,0,0,0,4,16,0
936,SHRD_MEMv_GPRv_CL+M64+R64,SHRD,M64,R64,CL,0,0,0,0,1,2,1,1,1,1,0,0,0,0,0,0,0,4,16,0
937,SHRD_MEMv_GPRv_IMMb+M16+R16+I8,SHRD,M16,R16,I8,0,0,0,0,1,0,1,1,1,1,0,0,0,0,0,0,0,3,17,0
938,SHRD_MEMv_GPRv_IMMb+M32+R32+I8,SHRD,M32,R32,I8,0,0,0,0,1,0,1,1,1,1,0,0,0,0,0,0,0,3,16,0
939,SHRD_MEMv_GPRv_IMMb+M64+R64+I8,SHRD,M64,R64,I8,0,0,0,0,1,0,1,1,1,1,0,0,0,0,0,0,0,3,16,0
940,SHR_GPR8_CL+R8,SHR_NOREX,R8,CL,,0,0,0,0,0,3,0,0,0,0,0,0,0,0,0,0,0,1,2,0
941,SHR_GPR8_CL+R8,SHR_REX,R8,CL,,0,0,0,0,0,3,0,0,0,0,0,0,0,0,0,0,0,1,2,0
942,SHR_GPR8_IMMb+R8+I8,SHR_NOREX,R8,I8,,0,0,0,0,0,1,0,0,0,0,0,0,0,0,0,0,0,1,1,2395135744
943,SHR_GPR8_IMMb+R8+I8,SHR_REX,R8,I8,,0,0,0,0,0,1,0,0,0,0,0,0,0,0,0,0,0,1,1,2395135744
944,SHR_GPR8_ONE+R8,SHR_NOREX,R8,1,,0,0,0,0,0,1,0,0,0,0,0,0,0,0,0,0,0,1,1,140253602
945,SHR_GPR8_ONE+R8,SHR_REX,R8,1,,0,0,0,0,0,1,0,0,0,0,0,0,0,0,0,0,0,1,1,140253602
946,SHR_GPRv_CL+R16,SHR,R16,CL,,0,0,0,0,0,3,0,0,0,0,0,0,0,0,0,0,0,1,2,0
947,SHR_GPRv_CL+R32,SHR,R32,CL,,0,0,0,0,0,3,0,0,0,0,0,0,0,0,0,0,0,1,2,432412
948,SHR_GPRv_CL+R64,SHR,R64,CL,,0,0,0,0,0,3,0,0,0,0,0,0,0,0,0,0,0,1,2,47799469
949,SHR_GPRv_IMMb+R16+I8,SHR,R16,I8,,0,0,0,0,0,1,0,0,0,0,0,0,0,0,0,0,0,1,1,2640726886
950,SHR_GPRv_IMMb+R32+I8,SHR,R32,I8,,0,0,0,0,0,1,0,0,0,0,0,0,0,0,0,0,0,1,1,43918219504
951,SHR_GPRv_IMMb+R64+I8,SHR,R64,I8,,0,0,0,0,0,1,0,0,0,0,0,0,0,0,0,0,0,1,1,36039202510
952,SHR_GPRv_ONE+R16,SHR,R16,1,,0,0,0,0,0,1,0,0,0,0,0,0,0,0,0,0,0,1,1,1110515
953,SHR_GPRv_ONE+R32,SHR,R32,1,,0,0,0,0,0,1,0,0,0,0,0,0,0,0,0,0,0,1,1,1380769610
954,SHR_GPRv_ONE+R64,SHR,R64,1,,0,0,0,0,0,1,0,0,0,0,0,0,0,0,0,0,0,1,1,3903831258
955,SHR_MEMb_CL+M8,SHR,M8,CL,,0,0,0,0,0,3,1,1,1,0,0,0,0,0,0,0,0,2,11,0
956,SHR_MEMb_IMMb+M8+I8,SHR,M8,I8,,0,0,0,0,0,1,1,1,1,0,0,0,0,0,0,0,0,3,11,0
957,SHR_MEMb_ONE+M8,SHR,M8,1,,0,0,0,0,0,1,1,1,1,0,0,0,0,0,0,0,0,3,11,0
958,SHR_MEMv_CL+M16,SHR,M16,CL,,0,0,0,0,0,3,1,1,1,0,0,0,0,0,0,0,0,2,11,0
959,SHR_MEMv_CL+M32,SHR,M32,CL,,0,0,0,0,0,3,1,1,1,0,0,0,0,0,0,0,0,2,10,0
960,SHR_MEMv_CL+M64,SHR,M64,CL,,0,0,0,0,0,3,1,1,1,0,0,0,0,0,0,0,0,2,10,0
961,SHR_MEMv_IMMb+M16+I8,SHR,M16,I8,,0,0,0,0,0,1,1,1,1,0,0,0,0,0,0,0,0,3,11,0
962,SHR_MEMv_IMMb+M32+I8,SHR,M32,I8,,0,0,0,0,0,1,1,1,1,0,0,0,0,0,0,0,0,3,10,0
963,SHR_MEMv_IMMb+M64+I8,SHR,M64,I8,,0,0,0,0,0,1,1,1,1,0,0,0,0,0,0,0,0,3,10,0
964,SHR_MEMv_ONE+M16,SHR,M16,1,,0,0,0,0,0,1,1,1,1,0,0,0,0,0,0,0,0,3,11,0
965,SHR_MEMv_ONE+M32,SHR,M32,1,,0,0,0,0,0,1,1,1,1,0,0,0,0,0,0,0,0,3,10,0
966,SHR_MEMv_ONE+M64,SHR,M64,1,,0,0,0,0,0,1,1,1,1,0,0,0,0,0,0,0,0,3,10,1830244
967,SIDT_MEMs64+M80,SIDT,M80,,,0,0,0,0,0,3,1,1,2,3,0,0,0,0,0,0,0,21,21,0
968,SLDT_MEMw+M16,SLDT,M16,,,0,0,0,0,0,5,1,0,1,1,0,0,0,0,0,0,0,11,11,0
969,SMSW_MEMw+M16,SMSW,M16,,,0,0,0,0,0,2,1,0,1,0,0,0,1,0,0,0,0,11,11,0
970,STOSB,STOSB,,,,0,0,0,0,1,0,1,0,1,0,0,0,0,0,0,0,0,0,6,0
971,STOSD,STOSD,,,,0,0,0,0,1,0,1,0,1,0,0,0,0,0,0,0,0,0,5,0
972,STOSW,STOSW,,,,0,0,0,0,1,0,1,0,1,0,0,0,0,0,0,0,0,0,6,0
973,STR_MEMw+M16,STR,M16,,,0,0,0,0,0,5,1,0,1,1,0,0,0,0,0,0,0,12,12,0
974,SUB_AL_IMMb+I8,SUB,AL,I8,,0,0,0,0,1,0,0,0,0,0,0,0,0,0,0,0,0,1,1,864
975,SUB_GPR8_GPR8_28+R8+R8,SUB_NOREX_28,R8,R8,,0,0,0,0,1,0,0,0,0,0,0,0,0,0,0,0,0,1,1,2
976,SUB_GPR8_GPR8_28+R8+R8,SUB_REX_28,R8,R8,,0,0,0,0,1,0,0,0,0,0,0,0,0,0,0,0,0,1,1,2
977,SUB_GPR8_GPR8_2A+R8+R8,SUB_NOREX_2A,R8,R8,,0,0,0,0,1,0,0,0,0,0,0,0,0,0,0,0,0,1,1,0
978,SUB_GPR8_GPR8_2A+R8+R8,SUB_REX_2A,R8,R8,,0,0,0,0,1,0,0,0,0,0,0,0,0,0,0,0,0,1,1,0
979,SUB_GPR8_IMMb_80r5+R8+I8,SUB_NOREX,R8,I8,,0,0,0,0,1,0,0,0,0,0,0,0,0,0,0,0,0,1,1,1179
980,SUB_GPR8_IMMb_80r5+R8+I8,SUB_REX,R8,I8,,0,0,0,0,1,0,0,0,0,0,0,0,0,0,0,0,0,1,1,1179
981,SUB_GPR8_MEMb+R8+M8,SUB_NOREX,R8,M8,,0,0,0,0,1,0,1,0,0,0,0,0,0,0,0,0,0,1,6,28668499
982,SUB_GPR8_MEMb+R8+M8,SUB_REX,R8,M8,,0,0,0,0,1,0,1,0,0,0,0,0,0,0,0,0,0,1,6,28668499
983,SUB_GPRv_GPRv_29+R16+R16,SUB_29,R16,R16,,0,0,0,0,1,0,0,0,0,0,0,0,0,0,0,0,0,1,1,0
984,SUB_GPRv_GPRv_29+R32+R32,SUB_29,R32,R32,,0,0,0,0,1,0,0,0,0,0,0,0,0,0,0,0,0,0,1,68576691872
985,SUB_GPRv_GPRv_29+R64+R64,SUB_29,R64,R64,,0,0,0,0,1,0,0,0,0,0,0,0,0,0,0,0,0,0,1,43646709481
986,SUB_GPRv_GPRv_2B+R16+R16,SUB_2B,R16,R16,,0,0,0,0,1,0,0,0,0,0,0,0,0,0,0,0,0,1,1,0
987,SUB_GPRv_GPRv_2B+R32+R32,SUB_2B,R32,R32,,0,0,0,0,1,0,0,0,0,0,0,0,0,0,0,0,0,0,1,0
988,SUB_GPRv_GPRv_2B+R64+R64,SUB_2B,R64,R64,,0,0,0,0,1,0,0,0,0,0,0,0,0,0,0,0,0,0,1,0
989,SUB_GPRv_IMMb+R16+I8,SUB,R16,I8,,0,0,0,0,1,0,0,0,0,0,0,0,0,0,0,0,0,1,1,3054
990,SUB_GPRv_IMMb+R32+I8,SUB,R32,I8,,0,0,0,0,1,0,0,0,0,0,0,0,0,0,0,0,0,1,1,54491257253
991,SUB_GPRv_IMMb+R64+I8,SUB,R64,I8,,0,0,0,0,1,0,0,0,0,0,0,0,0,0,0,0,0,1,1,121529473166
992,SUB_GPRv_IMMz+R16+I16,SUB,R16,I16,,0,0,0,0,1,0,0,0,0,0,0,0,0,0,0,0,0,1,1,3078774
993,SUB_GPRv_IMMz+R32+I32,SUB,R32,I32,,0,0,0,0,1,0,0,0,0,0,0,0,0,0,0,0,0,1,1,179431770
994,SUB_GPRv_IMMz+R64+I32,SUB,R64,I32,,0,0,0,0,1,0,0,0,0,0,0,0,0,0,0,0,0,1,1,11184406033
995,SUB_GPRv_MEMv+R16+M16,SUB,R16,M16,,0,0,0,0,1,0,1,0,0,0,0,0,0,0,0,0,0,1,6,2272689
996,SUB_GPRv_MEMv+R32+M32,SUB,R32,M32,,0,0,0,0,1,0,1,0,0,0,0,0,0,0,0,0,0,1,6,4253840433
997,SUB_GPRv_MEMv+R64+M64,SUB,R64,M64,,0,0,0,0,1,0,1,0,0,0,0,0,0,0,0,0,0,1,6,42567798229
998,SUB_LOCK_MEMb_GPR8+M8+R8,SUB_LOCK_NOREX,M8,R8,,1,0,0,0,4,2,2,0,1,0,0,0,0,0,0,0,0,12,30,0
999,SUB_LOCK_MEMb_GPR8+M8+R8,SUB_LOCK_REX,M8,R8,,1,0,0,0,4,2,2,0,1,0,0,0,0,0,0,0,0,12,30,0
1000,SUB_LOCK_MEMb_IMMb_80r5+M8+I8,SUB_LOCK,M8,I8,,1,0,0,0,4,2,2,0,1,0,0,0,0,0,0,0,0,15,30,0
1001,SUB_LOCK_MEMv_GPRv+M16+R16,SUB_LOCK,M16,R16,,1,0,0,0,4,2,2,0,1,0,0,0,0,0,0,0,0,12,30,0
1002,SUB_LOCK_MEMv_GPRv+M32+R32,SUB_LOCK,M32,R32,,1,0,0,0,4,2,2,0,1,0,0,0,0,0,0,0,0,12,29,0
1003,SUB_LOCK_MEMv_GPRv+M64+R64,SUB_LOCK,M64,R64,,1,0,0,0,4,2,2,0,1,0,0,0,0,0,0,0,0,12,29,0
1004,SUB_LOCK_MEMv_IMMb+M16+I8,SUB_LOCK,M16,I8,,1,0,0,0,4,2,2,0,1,0,0,0,0,0,0,0,0,15,30,0
1005,SUB_LOCK_MEMv_IMMb+M32+I8,SUB_LOCK,M32,I8,,1,0,0,0,4,2,2,0,1,0,0,0,0,0,0,0,0,15,29,2
1006,SUB_LOCK_MEMv_IMMb+M64+I8,SUB_LOCK,M64,I8,,1,0,0,0,4,2,2,0,1,0,0,0,0,0,0,0,0,15,29,0
1007,SUB_LOCK_MEMv_IMMz+M16+I16,SUB_LOCK,M16,I16,,1,0,0,0,4,2,2,0,1,0,0,0,0,0,0,0,0,15,30,0
1008,SUB_LOCK_MEMv_IMMz+M32+I32,SUB_LOCK,M32,I32,,1,0,0,0,4,2,2,0,1,0,0,0,0,0,0,0,0,15,29,0
1009,SUB_LOCK_MEMv_IMMz+M64+I32,SUB_LOCK,M64,I32,,1,0,0,0,4,2,2,0,1,0,0,0,0,0,0,0,0,15,29,0
1010,SUB_MEMb_GPR8+M8+R8,SUB_NOREX,M8,R8,,0,0,0,0,1,0,1,1,1,0,0,0,0,0,0,0,0,1,11,0
1011,SUB_MEMb_GPR8+M8+R8,SUB_REX,M8,R8,,0,0,0,0,1,0,1,1,1,0,0,0,0,0,0,0,0,1,11,0
1012,SUB_MEMb_IMMb_80r5+M8+I8,SUB,M8,I8,,0,0,0,0,1,0,1,1,1,0,0,0,0,0,0,0,0,3,11,726685889
1013,SUB_MEMv_GPRv+M16+R16,SUB,M16,R16,,0,0,0,0,1,0,1,1,1,0,0,0,0,0,0,0,0,1,11,0
1014,SUB_MEMv_GPRv+M32+R32,SUB,M32,R32,,0,0,0,0,1,0,1,1,1,0,0,0,0,0,0,0,0,1,10,761634616
1015,SUB_MEMv_GPRv+M64+R64,SUB,M64,R64,,0,0,0,0,1,0,1,1,1,0,0,0,0,0,0,0,0,1,10,2428752448
1016,SUB_MEMv_IMMb+M16+I8,SUB,M16,I8,,0,0,0,0,1,0,1,1,1,0,0,0,0,0,0,0,0,3,11,2535937893
1017,SUB_MEMv_IMMb+M32+I8,SUB,M32,I8,,0,0,0,0,1,0,1,1,1,0,0,0,0,0,0,0,0,3,10,158823031704
1018,SUB_MEMv_IMMb+M64+I8,SUB,M64,I8,,0,0,0,0,1,0,1,1,1,0,0,0,0,0,0,0,0,3,10,765302254
1019,SUB_MEMv_IMMz+M16+I16,SUB,M16,I16,,0,0,0,0,1,0,1,1,1,0,0,0,0,0,0,0,0,3,11,0
1020,SUB_MEMv_IMMz+M32+I32,SUB,M32,I32,,0,0,0,0,1,0,1,1,1,0,0,0,0,0,0,0,0,3,10,0
1021,SUB_MEMv_IMMz+M64+I32,SUB,M64,I32,,0,0,0,0,1,0,1,1,1,0,0,0,0,0,0,0,0,3,10,0
1022,SUB_OrAX_IMMz+I16,SUB,AX,I16,,0,0,0,0,1,0,0,0,0,0,0,0,0,0,0,0,0,1,1,964327952
1023,SUB_OrAX_IMMz+I32,SUB,EAX,I32,,0,0,0,0,1,0,0,0,0,0,0,0,0,0,0,0,0,1,1,54769930
1024,SUB_OrAX_IMMz+I32,SUB,RAX,I32,,0,0,0,0,1,0,0,0,0,0,0,0,0,0,0,0,0,1,1,54769930
1025,TEST_AL_IMMb+I8,TEST,AL,I8,,0,0,0,0,1,0,0,0,0,0,0,0,0,0,0,0,0,1,1,19466769570
1026,TEST_GPR8_GPR8+R8+R8,TEST_NOREX,R8,R8,,0,0,0,0,1,0,0,0,0,0,0,0,0,0,0,0,0,1,1,38491030614
1027,TEST_GPR8_GPR8+R8+R8,TEST_REX,R8,R8,,0,0,0,0,1,0,0,0,0,0,0,0,0,0,0,0,0,1,1,38491030614
1028,TEST_GPR8_IMMb_F6r0+R8+I8,TEST_NOREX,R8,I8,,0,0,0,0,1,0,0,0,0,0,0,0,0,0,0,0,0,1,1,37456092753
1029,TEST_GPR8_IMMb_F6r0+R8+I8,TEST_REX,R8,I8,,0,0,0,0,1,0,0,0,0,0,0,0,0,0,0,0,0,1,1,37456092753
1030,TEST_GPRv_GPRv+R16+R16,TEST,R16,R16,,0,0,0,0,1,0,0,0,0,0,0,0,0,0,0,0,0,1,1,19894862496
1031,TEST_GPRv_GPRv+R32+R32,TEST,R32,R32,,0,0,0,0,1,0,0,0,0,0,0,0,0,0,0,0,0,1,1,270789939657
1032,TEST_GPRv_GPRv+R64+R64,TEST,R64,R64,,0,0,0,0,1,0,0,0,0,0,0,0,0,0,0,0,0,1,1,203461948523
1033,TEST_GPRv_IMMz_F7r0+R16+I16,TEST,R16,I16,,0,0,0,0,1,0,0,0,0,0,0,0,0,0,0,0,0,1,1,94068639
1034,TEST_GPRv_IMMz_F7r0+R32+I32,TEST,R32,I32,,0,0,0,0,1,0,0,0,0,0,0,0,0,0,0,0,0,1,1,2548510035
1035,TEST_GPRv_IMMz_F7r0+R64+I32,TEST,R64,I32,,0,0,0,0,1,0,0,0,0,0,0,0,0,0,0,0,0,1,1,506651
1036,TEST_MEMb_GPR8+M8+R8,TEST_NOREX,M8,R8,,0,0,0,0,1,0,1,0,0,0,0,0,0,0,0,0,0,1,6,115970972
1037,TEST_MEMb_GPR8+M8+R8,TEST_REX,M8,R8,,0,0,0,0,1,0,1,0,0,0,0,0,0,0,0,0,0,1,6,115970972
1038,TEST_MEMb_IMMb_F6r0+M8+I8,TEST,M8,I8,,0,0,0,0,1,0,1,0,0,0,0,0,0,0,0,0,0,3,6,9664797483
1039,TEST_MEMv_GPRv+M16+R16,TEST,M16,R16,,0,0,0,0,1,0,1,0,0,0,0,0,0,0,0,0,0,1,6,11587
1040,TEST_MEMv_GPRv+M32+R32,TEST,M32,R32,,0,0,0,0,1,0,1,0,0,0,0,0,0,0,0,0,0,1,6,5958167720
1041,TEST_MEMv_GPRv+M64+R64,TEST,M64,R64,,0,0,0,0,1,0,1,0,0,0,0,0,0,0,0,0,0,1,6,25708690776
1042,TEST_MEMv_IMMz_F7r0+M16+I16,TEST,M16,I16,,0,0,0,0,1,0,1,0,0,0,0,0,0,0,0,0,0,3,6,5231996
1043,TEST_MEMv_IMMz_F7r0+M32+I32,TEST,M32,I32,,0,0,0,0,1,0,1,0,0,0,0,0,0,0,0,0,0,3,6,207033576
1044,TEST_MEMv_IMMz_F7r0+M64+I32,TEST,M64,I32,,0,0,0,0,1,0,1,0,0,0,0,0,0,0,0,0,0,3,6,5938
1045,TEST_OrAX_IMMz+I16,TEST,AX,I16,,0,0,0,0,1,0,0,0,0,0,0,0,0,0,0,0,0,1,1,94062647
1046,TEST_OrAX_IMMz+I32,TEST,EAX,I32,,0,0,0,0,1,0,0,0,0,0,0,0,0,0,0,0,0,1,1,2456356978
1047,TEST_OrAX_IMMz+I32,TEST,RAX,I32,,0,0,0,0,1,0,0,0,0,0,0,0,0,0,0,0,0,1,1,2456356978
1048,VERR_GPR16+R16,VERR,R16,,,0,0,1,0,0,10,0,0,0,6,0,0,4,5,0,0,0,61,61,0
1049,VERR_MEMw+M16,VERR,M16,,,0,0,1,0,0,10,0,0,0,6,0,0,4,5,0,0,0,62,68,0
1050,VERW_GPR16+R16,VERW,R16,,,0,0,1,0,0,0,0,0,0,8,0,0,5,7,0,0,0,63,63,0
1051,VERW_MEMw+M16,VERW,M16,,,0,0,1,0,0,0,0,0,0,8,0,0,5,5,2,1,0,64,69,0
1052,XADD_GPR8_GPR8+R8+R8,XADD_NOREX,R8,R8,,0,0,0,0,3,0,0,0,0,0,0,0,0,0,0,0,0,1,2,0
1053,XADD_GPR8_GPR8+R8+R8,XADD_REX,R8,R8,,0,0,0,0,3,0,0,0,0,0,0,0,0,0,0,0,0,1,2,0
1054,XADD_GPRv_GPRv+R16+R16,XADD,R16,R16,,0,0,0,0,3,0,0,0,0,0,0,0,0,0,0,0,0,1,2,0
1055,XADD_GPRv_GPRv+R32+R32,XADD,R32,R32,,0,0,0,0,3,0,0,0,0,0,0,0,0,0,0,0,0,1,2,0
1056,XADD_GPRv_GPRv+R64+R64,XADD,R64,R64,,0,0,0,0,3,0,0,0,0,0,0,0,0,0,0,0,0,1,2,0
1057,XADD_LOCK_MEMb_GPR8+M8+R8,XADD_LOCK_NOREX,M8,R8,,1,0,0,0,5,2,2,0,1,0,0,0,0,0,0,0,0,12,30,0
1058,XADD_LOCK_MEMb_GPR8+M8+R8,XADD_LOCK_REX,M8,R8,,1,0,0,0,5,2,2,0,1,0,0,0,0,0,0,0,0,12,30,0
1059,XADD_LOCK_MEMv_GPRv+M16+R16,XADD_LOCK,M16,R16,,1,0,0,0,6,2,2,0,1,0,0,0,0,0,0,0,0,12,30,0
1060,XADD_LOCK_MEMv_GPRv+M32+R32,XADD_LOCK,M32,R32,,1,0,0,0,5,2,2,0,1,0,0,0,0,0,0,0,0,12,29,559
1061,XADD_LOCK_MEMv_GPRv+M64+R64,XADD_LOCK,M64,R64,,1,0,0,0,6,2,2,0,1,0,0,0,0,0,0,0,0,12,29,576
1062,XADD_MEMb_GPR8+M8+R8,XADD_NOREX,M8,R8,,0,0,0,0,2,0,1,1,1,0,0,0,0,0,0,0,0,1,11,0
1063,XADD_MEMb_GPR8+M8+R8,XADD_REX,M8,R8,,0,0,0,0,2,0,1,1,1,0,0,0,0,0,0,0,0,1,11,0
1064,XADD_MEMv_GPRv+M16+R16,XADD,M16,R16,,0,0,0,0,2,0,1,1,1,0,0,0,0,0,0,0,0,1,11,0
1065,XADD_MEMv_GPRv+M32+R32,XADD,M32,R32,,0,0,0,0,2,0,1,1,1,0,0,0,0,0,0,0,0,1,10,0
1066,XADD_MEMv_GPRv+M64+R64,XADD,M64,R64,,0,0,0,0,2,0,1,1,1,0,0,0,0,0,0,0,0,1,10,0
1067,XCHG_GPR8_GPR8+R8+R8,XCHG_NOREX,R8,R8,,0,0,0,0,3,0,0,0,0,0,0,0,0,0,0,0,0,1,2,0
1068,XCHG_GPR8_GPR8+R8+R8,XCHG_REX,R8,R8,,0,0,0,0,3,0,0,0,0,0,0,0,0,0,0,0,0,1,2,0
1069,XCHG_GPRv_GPRv+R16+R16,XCHG,R16,R16,,0,0,0,0,3,0,0,0,0,0,0,0,0,0,0,0,0,1,2,0
1070,XCHG_GPRv_GPRv+R32+R32,XCHG,R32,R32,,0,0,0,0,3,0,0,0,0,0,0,0,0,0,0,0,0,1,2,0
1071,XCHG_GPRv_GPRv+R64+R64,XCHG,R64,R64,,0,0,0,0,3,0,0,0,0,0,0,0,0,0,0,0,0,1,2,227862
1072,XCHG_GPRv_OrAX+R16,XCHG,R16,AX,,0,0,0,0,3,0,0,0,0,0,0,0,0,0,0,0,0,1,2,0
1073,XCHG_GPRv_OrAX+R32,XCHG,R32,EAX,,0,0,0,0,3,0,0,0,0,0,0,0,0,0,0,0,0,1,2,116643
1074,XCHG_GPRv_OrAX+R64,XCHG,R64,RAX,,0,0,0,0,3,0,0,0,0,0,0,0,0,0,0,0,0,1,2,0
1075,XCHG_MEMb_GPR8+M8+R8,XCHG_NOREX,M8,R8,,0,0,0,1,3,2,2,0,1,0,0,0,0,0,0,0,0,12,30,0
1076,XCHG_MEMb_GPR8+M8+R8,XCHG_REX,M8,R8,,0,0,0,1,3,2,2,0,1,0,0,0,0,0,0,0,0,12,30,0
1077,XCHG_MEMv_GPRv+M16+R16,XCHG,M16,R16,,0,0,0,1,3,2,2,0,1,0,0,0,0,0,0,0,0,12,30,0
1078,XCHG_MEMv_GPRv+M32+R32,XCHG,M32,R32,,0,0,0,1,3,2,2,0,1,0,0,0,0,0,0,0,0,12,29,0
1079,XCHG_MEMv_GPRv+M64+R64,XCHG,M64,R64,,0,0,0,1,3,2,2,0,1,0,0,0,0,0,0,0,0,12,29,18655250
1080,XLAT,XLAT,,,,0,0,0,0,2,0,1,0,0,0,0,0,0,0,0,0,0,3,6,0
1081,XOR_AL_IMMb+I8,XOR,AL,I8,,0,0,0,0,1,0,0,0,0,0,0,0,0,0,0,0,0,1,1,0
1082,XOR_GPR8_GPR8_30+R8+R8,XOR_NOREX_30,R8,R8,,0,0,0,0,1,0,0,0,0,0,0,0,0,0,0,0,0,1,1,73298141
1083,XOR_GPR8_GPR8_30+R8+R8,XOR_REX_30,R8,R8,,0,0,0,0,1,0,0,0,0,0,0,0,0,0,0,0,0,1,1,73298141
1084,XOR_GPR8_GPR8_32+R8+R8,XOR_NOREX_32,R8,R8,,0,0,0,0,1,0,0,0,0,0,0,0,0,0,0,0,0,1,1,0
1085,XOR_GPR8_GPR8_32+R8+R8,XOR_REX_32,R8,R8,,0,0,0,0,1,0,0,0,0,0,0,0,0,0,0,0,0,1,1,0
1086,XOR_GPR8_IMMb_80r6+R8+I8,XOR_NOREX,R8,I8,,0,0,0,0,1,0,0,0,0,0,0,0,0,0,0,0,0,1,1,9
1087,XOR_GPR8_IMMb_80r6+R8+I8,XOR_REX,R8,I8,,0,0,0,0,1,0,0,0,0,0,0,0,0,0,0,0,0,1,1,9
1088,XOR_GPR8_MEMb+R8+M8,XOR_NOREX,R8,M8,,0,0,0,0,1,0,1,0,0,0,0,0,0,0,0,0,0,1,6,13263287
1089,XOR_GPR8_MEMb+R8+M8,XOR_REX,R8,M8,,0,0,0,0,1,0,1,0,0,0,0,0,0,0,0,0,0,1,6,13263287
1090,XOR_GPRv_GPRv_31+R16+R16,XOR_31,R16,R16,,0,0,0,0,1,0,0,0,0,0,0,0,0,0,0,0,0,1,1,0
1091,XOR_GPRv_GPRv_31+R32+R32,XOR_31,R32,R32,,0,0,0,0,1,0,0,0,0,0,0,0,0,0,0,0,0,0,1,225436717641
1092,XOR_GPRv_GPRv_31+R64+R64,XOR_31,R64,R64,,0,0,0,0,1,0,0,0,0,0,0,0,0,0,0,0,0,0,1,10581614323
1093,XOR_GPRv_GPRv_33+R16+R16,XOR_33,R16,R16,,0,0,0,0,1,0,0,0,0,0,0,0,0,0,0,0,0,1,1,0
1094,XOR_GPRv_GPRv_33+R32+R32,XOR_33,R32,R32,,0,0,0,0,1,0,0,0,0,0,0,0,0,0,0,0,0,0,1,0
1095,XOR_GPRv_GPRv_33+R64+R64,XOR_33,R64,R64,,0,0,0,0,1,0,0,0,0,0,0,0,0,0,0,0,0,0,1,0
1096,XOR_GPRv_IMMb+R16+I8,XOR,R16,I8,,0,0,0,0,1,0,0,0,0,0,0,0,0,0,0,0,0,1,1,0
1097,XOR_GPRv_IMMb+R32+I8,XOR,R32,I8,,0,0,0,0,1,0,0,0,0,0,0,0,0,0,0,0,0,1,1,6014806544
1098,XOR_GPRv_IMMb+R64+I8,XOR,R64,I8,,0,0,0,0,1,0,0,0,0,0,0,0,0,0,0,0,0,1,1,1718575
1099,XOR_GPRv_IMMz+R16+I16,XOR,R16,I16,,0,0,0,0,1,0,0,0,0,0,0,0,0,0,0,0,0,1,1,0
1100,XOR_GPRv_IMMz+R32+I32,XOR,R32,I32,,0,0,0,0,1,0,0,0,0,0,0,0,0,0,0,0,0,1,1,18150
1101,XOR_GPRv_IMMz+R64+I32,XOR,R64,I32,,0,0,0,0,1,0,0,0,0,0,0,0,0,0,0,0,0,1,1,0
1102,XOR_GPRv_MEMv+R16+M16,XOR,R16,M16,,0,0,0,0,1,0,1,0,0,0,0,0,0,0,0,0,0,1,6,24484710
1103,XOR_GPRv_MEMv+R32+M32,XOR,R32,M32,,0,0,0,0,1,0,1,0,0,0,0,0,0,0,0,0,0,1,6,194064642
1104,XOR_GPRv_MEMv+R64+M64,XOR,R64,M64,,0,0,0,0,1,0,1,0,0,0,0,0,0,0,0,0,0,1,6,38482702938
1105,XOR_LOCK_MEMb_GPR8+M8+R8,XOR_LOCK_NOREX,M8,R8,,1,0,0,0,4,2,2,0,1,0,0,0,0,0,0,0,0,12,30,0
1106,XOR_LOCK_MEMb_GPR8+M8+R8,XOR_LOCK_REX,M8,R8,,1,0,0,0,4,2,2,0,1,0,0,0,0,0,0,0,0,12,30,0
1107,XOR_LOCK_MEMb_IMMb_80r6+M8+I8,XOR_LOCK,M8,I8,,1,0,0,0,4,2,2,0,1,0,0,0,0,0,0,0,0,15,30,0
1108,XOR_LOCK_MEMv_GPRv+M16+R16,XOR_LOCK,M16,R16,,1,0,0,0,4,2,2,0,1,0,0,0,0,0,0,0,0,12,30,0
1109,XOR_LOCK_MEMv_GPRv+M32+R32,XOR_LOCK,M32,R32,,1,0,0,0,4,2,2,0,1,0,0,0,0,0,0,0,0,12,29,0
1110,XOR_LOCK_MEMv_GPRv+M64+R64,XOR_LOCK,M64,R64,,1,0,0,0,4,2,2,0,1,0,0,0,0,0,0,0,0,12,29,0
1111,XOR_LOCK_MEMv_IMMb+M16+I8,XOR_LOCK,M16,I8,,1,0,0,0,4,2,2,0,1,0,0,0,0,0,0,0,0,15,30,0
1112,XOR_LOCK_MEMv_IMMb+M32+I8,XOR_LOCK,M32,I8,,1,0,0,0,4,2,2,0,1,0,0,0,0,0,0,0,0,15,29,0
1113,XOR_LOCK_MEMv_IMMb+M64+I8,XOR_LOCK,M64,I8,,1,0,0,0,4,2,2,0,1,0,0,0,0,0,0,0,0,15,29,0
1114,XOR_LOCK_MEMv_IMMz+M16+I16,XOR_LOCK,M16,I16,,1,0,0,0,4,2,2,0,1,0,0,0,0,0,0,0,0,15,30,0
1115,XOR_LOCK_MEMv_IMMz+M32+I32,XOR_LOCK,M32,I32,,1,0,0,0,4,2,2,0,1,0,0,0,0,0,0,0,0,15,29,0
1116,XOR_LOCK_MEMv_IMMz+M64+I32,XOR_LOCK,M64,I32,,1,0,0,0,4,2,2,0,1,0,0,0,0,0,0,0,0,15,29,0
1117,XOR_MEMb_GPR8+M8+R8,XOR_NOREX,M8,R8,,0,0,0,0,1,0,1,1,1,0,0,0,0,0,0,0,0,1,11,0
1118,XOR_MEMb_GPR8+M8+R8,XOR_REX,M8,R8,,0,0,0,0,1,0,1,1,1,0,0,0,0,0,0,0,0,1,11,0
1119,XOR_MEMb_IMMb_80r6+M8+I8,XOR,M8,I8,,0,0,0,0,1,0,1,1,1,0,0,0,0,0,0,0,0,3,11,0
1120,XOR_MEMv_GPRv+M16+R16,XOR,M16,R16,,0,0,0,0,1,0,1,1,1,0,0,0,0,0,0,0,0,1,11,0
1121,XOR_MEMv_GPRv+M32+R32,XOR,M32,R32,,0,0,0,0,1,0,1,1,1,0,0,0,0,0,0,0,0,1,10,0
1122,XOR_MEMv_GPRv+M64+R64,XOR,M64,R64,,0,0,0,0,1,0,1,1,1,0,0,0,0,0,0,0,0,1,10,8815134631
1123,XOR_MEMv_IMMb+M16+I8,XOR,M16,I8,,0,0,0,0,1,0,1,1,1,0,0,0,0,0,0,0,0,3,11,0
1124,XOR_MEMv_IMMb+M32+I8,XOR,M32,I8,,0,0,0,0,1,0,1,1,1,0,0,0,0,0,0,0,0,3,10,1980719366
1125,XOR_MEMv_IMMb+M64+I8,XOR,M64,I8,,0,0,0,0,1,0,1,1,1,0,0,0,0,0,0,0,0,3,10,0
1126,XOR_MEMv_IMMz+M16+I16,XOR,M16,I16,,0,0,0,0,1,0,1,1,1,0,0,0,0,0,0,0,0,3,11,0
1127,XOR_MEMv_IMMz+M32+I32,XOR,M32,I32,,0,0,0,0,1,0,1,1,1,0,0,0,0,0,0,0,0,3,10,0
1128,XOR_MEMv_IMMz+M64+I32,XOR,M64,I32,,0,0,0,0,1,0,1,1,1,0,0,0,0,0,0,0,0,3,10,0
1129,XOR_OrAX_IMMz+I16,XOR,AX,I16,,0,0,0,0,1,0,0,0,0,0,0,0,0,0,0,0,0,1,1,0
1130,XOR_OrAX_IMMz+I32,XOR,EAX,I32,,0,0,0,0,1,0,0,0,0,0,0,0,0,0,0,0,0,1,1,11441
1131,XOR_OrAX_IMMz+I32,XOR,RAX,I32,,0,0,0,0,1,0,0,0,0,0,0,0,0,0,0,0,0,1,1,11441
